Date,Adj. Close,HL_PCT,PCT_Change
2012-05-18,38.2318,18.421052631578945,-9.080142687277046
2012-05-21,34.03,11.090909090909081,-6.8436901177114695
2012-05-22,31.0,8.564964447317395,-4.937135847899415
2012-05-23,32.0,3.635204081632655,2.0082881734140865
2012-05-24,33.03,4.532577903682724,0.24279210925644396
2012-05-25,31.91,5.914496946319522,-3.00911854103343
2012-05-29,28.84,10.610820244328108,-8.38627700127065
2012-05-30,28.19,6.066044508255568,-1.7598884823139884
2012-05-31,29.6,10.585165859112946,3.695918724820458
2012-06-01,27.72,6.425702811244973,-4.056486224560434
2012-06-04,26.9,4.576399394856268,-1.102941176470591
2012-06-05,25.869,7.805825242718453,-3.1123595505617963
2012-06-06,26.81,6.465517241379319,2.8385116992711867
2012-06-07,26.31,4.588910133843224,-2.5555555555555602
2012-06-08,27.1,4.992435703479577,2.0715630885122436
2012-06-11,27.005,4.602198621203649,-0.64385577630611
2012-06-12,27.4,3.0044510385756626,-0.29112081513828914
2012-06-13,27.27,3.6900369003690034,-1.4099783080260324
2012-06-14,28.29,3.4331628926223567,2.314647377938519
2012-06-15,30.014,6.172839506172839,5.293808103841433
2012-06-18,31.41,9.078544712682755,4.857285928893346
2012-06-19,31.911,4.8208469055374605,1.192325986998577
2012-06-20,31.6,2.500160513643661,-1.0025062656641612
2012-06-21,31.84,3.1418597270707664,0.536785601515624
2012-06-22,33.05,4.335620711166564,1.974699166923791
2012-06-25,32.06,4.659270998415222,-2.434570906877654
2012-06-26,33.1,2.892307692307685,1.2542061792597239
2012-06-27,32.23,3.1347962382445145,-0.7085643869377818
2012-06-28,31.36,4.174757281553395,-1.877346683354197
2012-06-29,31.095,3.9986996098829546,-2.5845864661654225
2012-07-02,30.771,3.8625204582651382,-1.5327999999999975
2012-07-03,31.2,2.0779220779220795,0.9382076997735334
2012-07-05,31.47,1.9503546099290794,0.47892720306512954
2012-07-06,31.73,2.047344849648103,0.9223918575063587
2012-07-09,32.17,2.7821194123163617,0.21806853582554603
2012-07-10,31.47,4.2365347770692345,-2.9602220166512514
2012-07-11,30.97,3.3060556464811715,-1.6200762388818346
2012-07-12,30.81,2.614379084967311,0.3583061889250796
2012-07-13,30.72,1.6688481675392723,-1.0309278350515474
2012-07-16,28.245,8.117688762850051,-7.393442622950816
2012-07-17,28.09,5.303867403314922,-1.369382022471912
2012-07-18,29.11,4.0497335701598605,2.8258565877781727
2012-07-19,29.0,3.0387705204331157,-1.3940836450187015
2012-07-20,28.76,2.6114206128133706,-0.8275862068965464
2012-07-23,28.75,3.534451981435196,2.2403982930298683
2012-07-24,28.45,4.804270462633444,-1.2838306731436537
2012-07-25,29.34,5.021367521367522,3.346248679112361
2012-07-26,26.845,5.611672278338945,-3.2612612612612653
2012-07-27,23.705,10.14362657091561,2.2207848210435404
2012-07-30,23.15,4.385584020842371,-3.5215669931235776
2012-07-31,21.71,8.1443776029616,-7.103123662815576
2012-08-01,20.88,3.5508637236084377,-2.883720930232563
2012-08-02,20.04,5.146316851664983,-3.514684641309583
2012-08-03,21.09,11.356783919597998,3.5854616895874285
2012-08-06,21.92,3.9906103286384873,2.4777933613838297
2012-08-07,20.72,9.512195121951216,-6.66666666666667
2012-08-08,20.72,4.59940652818991,0.04828585224528252
2012-08-09,21.01,2.7171276079573135,1.2530120481927787
2012-08-10,21.807,3.2654992901088558,1.8542737038766859
2012-08-13,21.6,4.90654205607477,-2.483069977426624
2012-08-14,20.38,6.666666666666673,-4.810836057916867
2012-08-15,21.2,4.950980392156871,2.713178294573637
2012-08-16,19.87,4.012188928390041,-2.7886497064579268
2012-08-17,19.05,5.6842105263157805,-4.7738065483629
2012-08-20,20.011,7.359999999999994,5.04461942257217
2012-08-21,19.159,4.662126767941333,-2.150153217568945
2012-08-22,19.439,3.006329113924052,0.40805785123967264
2012-08-23,19.44,1.9111570247933936,-0.30769230769230116
2012-08-24,19.409,2.2337662337662323,-0.5686475409836099
2012-08-27,19.15,2.2513089005235587,-1.744484350949204
2012-08-28,19.34,2.2691292875989433,1.2565445026177928
2012-08-29,19.1,1.6255899318300928,-1.1387163561076545
2012-08-30,19.0885,2.046169989506824,-0.9418785677218463
2012-08-31,18.058,3.7160288408208437,-3.3297644539614555
2012-09-04,17.729,4.102564102564096,-1.9413716814159245
2012-09-05,18.58,3.135313531353137,1.6967706622878966
2012-09-06,18.96,2.893696581196594,1.1739594450373663
2012-09-07,18.98,3.407880724174657,-0.6282722513089056
2012-09-10,18.81,3.5040431266846284,-1.311647429171039
2012-09-11,19.43,3.8779840848806266,2.695560253699778
2012-09-12,20.931,4.3392504930966425,0.8236994219653149
2012-09-13,20.713,4.221251819505099,-1.1548556430446066
2012-09-14,22.0,5.645933014354066,4.1173686701372505
2012-09-17,21.52,5.813953488372093,-5.072783414203803
2012-09-18,21.87,2.854468881609731,1.249999999999998
2012-09-19,23.29,7.349563619660089,5.911778080945888
2012-09-20,22.59,3.105590062111798,-1.8679409209383133
2012-09-21,22.86,2.8318584070796327,-0.47888550282977554
2012-09-24,20.79,7.943523634131368,-4.545454545454555
2012-09-25,20.28,4.896142433234432,-4.3396226415094254
2012-09-26,20.62,4.949494949494952,2.3579051873914194
2012-09-27,20.32,4.166666666666666,-3.1919961886612587
2012-09-28,21.66,7.073170731707314,5.298979095770539
2012-10-01,21.99,3.957662218131613,-0.4076086956521733
2012-10-02,22.27,3.0705774518790014,0.8605072463768175
2012-10-03,21.83,3.1651376146788888,-2.0856694326082232
2012-10-04,21.9475,4.624007473143384,-1.6689068100358366
2012-10-05,20.91,3.591954022988506,-2.698929734760346
2012-10-08,20.4,2.9521210617712668,0.0
2012-10-09,20.227,2.9043565348022127,-0.7994114762138316
2012-10-10,19.64,2.5192802056555372,-1.4550928248871007
2012-10-11,19.75,1.7848036715961315,-0.6539235412474799
2012-10-12,19.5181,1.6427104722792623,-1.174177215189871
2012-10-15,19.52,2.0010261672652674,-0.8130081300813016
2012-10-16,19.48,2.020725388601039,-1.0162601626016223
2012-10-17,19.88,5.720686771492582,1.9487179487179436
2012-10-18,18.975,4.764425622022226,-3.6802030456852686
2012-10-19,19.0,1.3829787234042445,0.0
2012-10-22,19.321,1.9947506561679738,0.36883116883117667
2012-10-23,19.5,3.6649214659685825,1.2987012987012987
2012-10-24,23.2299,6.1269146608315035,-3.7302113551595455
2012-10-25,22.56,3.7383177570093453,-3.134392443108632
2012-10-26,21.9425,4.570383912248629,-2.0424107142857126
2012-10-31,21.11,3.714423540762178,1.392891450528334
2012-11-01,21.21,2.046644455021417,0.6166982922201261
2012-11-02,21.18,2.9425723777883293,-0.3762935089369795
2012-11-05,21.25,2.6768642447418673,0.7109004739336425
2012-11-06,21.1712,1.8103858980467014,-0.3239171374764573
2012-11-07,20.47,2.8473244968090246,-1.8225419664268705
2012-11-08,19.99,3.7537537537537538,-2.5828460038986414
2012-11-09,19.21,4.547830632514381,-3.7334001503382486
2012-11-12,20.07,6.889242183359833,4.804177545691915
2012-11-13,19.86,2.8118609406953,1.3006885998469726
2012-11-14,22.36,12.895132965378828,11.243781094527353
2012-11-15,22.17,3.9260969976905384,-0.7609668755595261
2012-11-16,23.5607,7.889990982867448,5.890786516853935
2012-11-19,22.92,5.696757230499565,-4.320601127113323
2012-11-20,23.1,5.286343612334799,1.6278046634403915
2012-11-21,24.32,6.420824295010847,4.73729543496986
2012-11-23,23.998,3.3500837520938056,-2.3677786818551554
2012-11-26,25.94,5.1592099959693725,4.030479246039714
2012-11-27,26.15,4.084838963079337,0.422427035330259
2012-11-28,26.36,2.873786407766984,1.6191210485736245
2012-11-29,27.32,5.1987767584097835,3.0943396226415105
2012-11-30,28.0,4.633781763826601,2.7146001467351373
2012-12-03,27.04,7.042253521126756,-3.428226529380466
2012-12-04,27.46,4.0479760119940105,1.4781966001478277
2012-12-05,27.71,2.347762289068221,-0.14414414414414106
2012-12-06,26.97,3.4675615212527955,-2.5650289017341072
2012-12-07,27.485,3.502235469448589,1.533062430735128
2012-12-10,27.84,3.9483394833948346,2.465955097534038
2012-12-11,27.98,2.0968908170643465,-0.32062700391877397
2012-12-12,27.5801,2.813299232736571,-1.4996428571428513
2012-12-13,28.24,4.8122493620123965,2.355926060166722
2012-12-14,26.812,5.866965620328837,-4.854506742370471
2012-12-17,26.75,2.583586626139817,-0.0747104968248023
2012-12-18,27.71,3.754646840148705,2.7818991097922847
2012-12-19,27.41,4.712430426716139,-1.5091627739849018
2012-12-20,27.36,1.7323995576852282,-0.47289923608584583
2012-12-21,26.26,3.4073506891271075,-1.500375093773438
2012-12-24,26.93,2.900763358778632,1.6226415094339615
2012-12-26,26.51,3.0521327014218,-1.9237883832778377
2012-12-27,26.05,5.015673981191227,-1.8832391713747645
2012-12-28,25.9112,3.817097415506962,1.692307692307694
2012-12-31,26.6197,3.3703561853695865,1.601908396946574
2013-01-02,28.0,2.771699489423771,2.0408163265306074
2013-01-03,27.77,3.1895614353026422,-0.3945480631276881
2013-01-04,28.76,3.95256916996048,2.67761513745091
2013-01-07,29.4213,3.9790575916230386,2.548971767166251
2013-01-08,29.0607,2.564102564102571,-1.5225347339884814
2013-01-09,30.59,3.7639877924720344,3.100775193798443
2013-01-10,31.3,3.863936591809769,2.2875816993464024
2013-01-11,31.72,2.7652733118971042,1.4066496163682791
2013-01-14,30.9475,5.192684519921619,-3.5302369077306635
2013-01-15,30.1,6.1244979919678775,-1.7624020887728433
2013-01-16,29.85,2.7768371147985107,-1.19165839126117
2013-01-17,30.14,1.2987012987013005,0.19946808510639055
2013-01-18,29.66,3.997266826101817,-2.144506763444403
2013-01-22,30.729,3.866845998655018,3.2907563025210056
2013-01-23,30.82,2.2727272727272703,-0.9003215434083637
2013-01-24,31.08,2.207075624797143,-0.6076111288775224
2013-01-25,31.54,2.5698682942499222,0.4138809296402388
2013-01-28,32.469,2.1889342973907713,1.847553324968639
2013-01-29,30.79,4.428524910452619,-3.7812500000000027
2013-01-30,31.24,1.9753886010362678,0.8392511297611298
2013-01-31,30.981,9.498956158663885,6.28130360205833
2013-02-01,29.73,4.691191360108,-4.127700741696231
2013-02-04,28.109,4.2484826847554364,-3.272539573296617
2013-02-05,28.64,3.2810271041369536,1.344656758669494
2013-02-06,29.05,2.1981856245638487,1.0786360473208152
2013-02-07,28.65,3.1128404669260665,-1.5802129852284468
2013-02-08,28.545,2.3149772009821117,-1.1941848390446481
2013-02-11,28.26,2.2824536376604874,-1.2233484795525966
2013-02-12,27.37,3.911439114391139,-1.0842067220816793
2013-02-13,27.9075,3.6982790186744845,2.001096491228068
2013-02-14,28.5,2.2134951802927434,1.713062098501072
2013-02-15,28.32,2.349590601637594,-0.7012622720897591
2013-02-19,28.93,3.41394025604551,2.4796315975912124
2013-02-20,28.462,2.5414754677020914,-1.5836791147994533
2013-02-21,27.283,5.156537753222844,-3.525459688826025
2013-02-22,27.13,3.020134228187915,-1.7740767559739392
2013-02-25,27.27,1.8047882136279998,0.40500736377024826
2013-02-26,27.39,2.8464419475655487,0.1096491228070217
2013-02-27,26.87,2.666165978220056,-1.7190929041697105
2013-02-28,27.25,3.6446469248291606,1.5275707898658724
2013-03-01,27.78,4.872808653487505,2.6987060998151584
2013-03-04,27.72,2.2594752186588827,-0.14409221902018263
2013-03-05,27.52,3.5648658581403856,-1.291248206599711
2013-03-06,27.4525,2.851919561243135,-2.304270462633455
2013-03-07,28.578,4.38660356752822,3.6561479869423255
2013-03-08,27.96,2.6685899747565753,-1.635883905013192
2013-03-11,28.14,2.910528206970903,0.4641199571581542
2013-03-12,27.83,2.6086956521739086,-0.9608540925267015
2013-03-13,27.08,2.711738484398205,-1.9551049963794447
2013-03-14,27.04,2.23630264629147,-0.22140221402214857
2013-03-15,26.645,1.8825301204819278,-1.42434332223456
2013-03-18,26.49,3.9177657098525906,0.455062571103517
2013-03-19,26.55,2.6325829835940393,0.07538635506973076
2013-03-20,25.86,3.5298681148176887,-3.0734632683658183
2013-03-21,25.74,2.1517996870109575,0.311769290724857
2013-03-22,25.73,1.4826375341396902,-0.25585362071638607
2013-03-25,25.131,2.8790174655076215,-2.4038834951456303
2013-03-26,25.205,1.797842588893325,0.4984051036682616
2013-03-27,26.09,6.310679611650495,4.359999999999999
2013-03-28,25.58,2.547021943573676,-1.9547719432732906
2013-04-01,25.53,2.4129746835443013,-0.39016777214201276
2013-04-02,25.42,3.2411067193675898,-1.3581684128831892
2013-04-03,26.25,2.6848249027237405,1.6260162601626085
2013-04-04,27.0725,4.289927230946001,1.6998497370398218
2013-04-05,27.39,4.472003006388581,1.9731943410275545
2013-04-08,26.849,2.1404431092752545,-1.2541375505700665
2013-04-09,26.59,1.778955336866006,0.037622272385257956
2013-04-10,27.57,3.494423791821567,2.073684093610128
2013-04-11,28.0175,3.119266055045877,1.955967976710327
2013-04-12,27.4,2.790014684287818,-2.142857142857148
2013-04-15,26.52,4.248861911987864,-2.356406480117822
2013-04-16,26.92,2.689393939393943,0.41029466616935095
2013-04-17,26.625,3.0693444486547885,-0.09380863039399093
2013-04-18,25.69,6.640159045725653,-4.213273676360921
2013-04-19,25.73,2.487169364390062,0.4293520686963288
2013-04-22,25.97,2.5680933852140084,0.619914761720264
2013-04-23,25.98,2.173069460613111,-0.8964333396910145
2013-04-24,26.11,2.325581395348829,0.6941766293868096
2013-04-25,26.14,1.538461538461533,0.2685078634445734
2013-04-26,26.85,3.834586466165412,0.9398496240601504
2013-04-29,26.98,2.0476545048399135,-0.6627393225331359
2013-04-30,27.769,3.1290501758933624,2.3553262071507532
2013-05-01,27.43,2.2153057488099615,-1.5080789946140096
2013-05-02,28.97,3.716940671908503,3.4277166287634038
2013-05-03,28.311,3.268206039076383,-2.510330578512394
2013-05-06,27.57,3.566229985443961,-2.6826685492410802
2013-05-07,26.889,3.7243947858472994,-2.399274047186938
2013-05-08,27.12,2.4390243902439104,0.8928571428571502
2013-05-09,27.04,2.607076350093107,-0.14771048744460544
2013-05-10,26.68,2.7474595408355307,-1.6949152542372912
2013-05-13,26.82,2.9927254909351344,0.8270676691729281
2013-05-14,27.07,1.7151379567486982,0.6866180157260061
2013-05-15,26.6,2.2348484848484844,-1.188707280832096
2013-05-16,26.13,2.509652509652518,-1.3217522658610326
2013-05-17,26.25,1.5267175572519165,-0.5681818181818128
2013-05-20,25.759,1.9462826002335536,-1.6080977845683704
2013-05-21,25.66,1.8952715904650232,-0.8117510630073478
2013-05-22,25.159,3.731942215088281,-1.9142300194931763
2013-05-23,25.06,3.0682276947920935,1.0483870967741855
2013-05-24,24.3125,3.6960132890365474,-2.6331597917500957
2013-05-28,24.1,2.5919732441471464,-1.7929910350448157
2013-05-29,23.32,2.3645743766121976,-1.975620008406889
2013-05-30,24.55,3.547847889678229,1.740571902196443
2013-05-31,24.348,2.8018129377832706,-1.1449451887941535
2013-06-03,23.848,2.5727541121889472,-1.7185246239439587
2013-06-04,23.52,2.6157804459691225,-1.5487651737128547
2013-06-05,22.899,4.014918824045631,-1.931477516059959
2013-06-06,22.97,1.8526687251874643,-0.08699434536754927
2013-06-07,23.291,2.3622047244094455,1.1333043855840175
2013-06-10,24.33,2.542726135889967,1.122194513715709
2013-06-11,24.03,1.4583333333333393,0.0
2013-06-12,23.77,2.8837998303647296,-1.6142384105960288
2013-06-13,23.73,2.428540726413057,0.042158516020242676
2013-06-14,23.63,2.7085124677557992,0.29711375212224234
2013-06-17,24.022,2.1052631578947367,0.4684232538686672
2013-06-18,24.21,2.5332225913621387,0.4981320049813242
2013-06-19,24.309,4.5228215767634845,0.45041322314050314
2013-06-20,23.9,4.630021141649059,-1.5650741350906199
2013-06-21,24.53,2.7027027027026964,-0.24400162667750597
2013-06-24,23.935,3.1223267750213877,-0.06263048016701699
2013-06-25,24.25,1.6222961730449275,0.45567522783761155
2013-06-26,24.16,2.751146310962902,-1.427988576091397
2013-06-27,24.66,2.6022304832713714,1.7326732673267398
2013-06-28,24.88,2.2932022932022877,0.8103727714748756
2013-07-01,24.81,1.7875710804224108,-0.6383813788076668
2013-07-02,24.41,1.9341563786008185,-1.1740890688259076
2013-07-03,24.52,2.3188405797101543,1.2386457473162704
2013-07-05,24.37,1.9008264462809954,-1.135902636916826
2013-07-08,24.71,2.538902538902528,0.9807928075194197
2013-07-09,25.48,1.83779464642428,1.6354208216992425
2013-07-10,25.8,1.4134275618374537,0.8600469116497358
2013-07-11,25.81,2.161100196463657,-0.5778120184899929
2013-07-12,25.91,1.487279843444223,0.6604506604506671
2013-07-15,26.28,3.040935672514624,1.3497878904743597
2013-07-16,26.32,2.8450595924644304,-0.2652519893899215
2013-07-17,26.65,1.825095057034222,1.0618126659082199
2013-07-18,26.18,2.488514548238892,-2.1308411214953282
2013-07-19,25.881,1.9832031249999993,0.2362509682416729
2013-07-22,26.045,1.5940902021772945,0.2116198537899318
2013-07-23,26.13,1.2706969580285017,0.11494252873562293
2013-07-24,26.51,1.8426103646833032,0.721884498480248
2013-07-25,34.359,6.5038167938931375,2.4265911462214933
2013-07-26,34.01,3.4862932061978382,0.7106899615042785
2013-07-29,35.43,4.763304910320508,3.9917816260639847
2013-07-30,37.627,7.474518686296718,5.545582047685846
2013-07-31,36.8,5.4500412881915885,-3.0558482613277227
2013-08-01,37.489,3.7107258938244785,0.5067024128686328
2013-08-02,38.05,2.640000000000005,1.0355815188528958
2013-08-05,39.189,2.7973856209150334,1.9750195160031232
2013-08-06,38.55,3.452820242488145,-1.4318588596266997
2013-08-07,38.87,3.289124668434999,0.6734006734006682
2013-08-08,38.54,1.977621649752792,-1.5077945310503538
2013-08-09,38.5,1.9205472244146382,-0.23322104172066185
2013-08-12,38.22,1.0498687664041957,0.052356020942397954
2013-08-13,37.019,4.21539298341038,-3.1929916317991727
2013-08-14,36.65,2.5395958492626973,-0.48873201194678173
2013-08-15,36.56,2.9147614803956707,0.5500550055005579
2013-08-16,37.08,1.598915989159901,0.297538544766025
2013-08-19,37.81,3.069466882067853,1.015228426395946
2013-08-20,38.41,2.3613690634120474,0.15645371577573708
2013-08-21,38.32,1.8482107746755756,-0.15633142261595173
2013-08-22,38.55,1.0693792383933138,0.46911649726348637
2013-08-23,40.55,4.366812227074243,3.9743589743589673
2013-08-26,41.34,3.2496307237813897,1.0757946210269067
2013-08-27,39.64,4.515474378488079,-2.556538839724678
2013-08-28,40.548,2.432296890672013,1.4714714714714738
2013-08-29,41.28,2.401960784313735,0.9537784299339707
2013-08-30,41.294,2.922552362396482,-1.7394408090422406
2013-09-03,41.87,1.5779330281859822,0.07170172084128591
2013-09-04,41.78,1.7615830115830213,-0.5474886931682859
2013-09-05,42.66,2.382092410821157,2.081837760229714
2013-09-06,43.95,5.2122641509433985,1.9958226966813633
2013-09-09,44.04,2.4942791762013647,-0.7213706041478817
2013-09-10,43.6,2.382604672681011,-1.4466546112115743
2013-09-11,45.04,4.5929018789144145,3.802719520626869
2013-09-12,44.75,2.172452407614779,-1.7131561607731192
2013-09-13,44.31,2.6178010471204156,-1.6207815275310764
2013-09-16,42.51,5.915625736507184,-5.217391304347833
2013-09-17,45.07,7.094037237803437,6.0470588235294125
2013-09-18,45.23,2.421443856290113,0.8697591436217517
2013-09-19,45.98,1.8129560026531073,1.0327400571302987
2013-09-20,47.49,4.066462614779185,2.525906735751299
2013-09-23,47.19,2.7219701879455562,-0.19035532994924578
2013-09-24,48.45,3.1146179401993357,-0.1133903721265843
2013-09-25,49.46,2.2286421791167936,0.4671947999187569
2013-09-26,50.39,2.222222222222225,0.7598480303939263
2013-09-27,51.24,2.847974328118736,1.8890435474249412
2013-09-30,50.23,3.61445783132531,0.17949740725966554
2013-10-01,50.42,3.195146612740138,0.9005403241945225
2013-10-02,50.28,2.3023023023022993,0.2992220227408709
2013-10-03,49.183,3.383611903791269,-2.550029720626113
2013-10-04,51.04,3.2075852330038255,2.5517379947759613
2013-10-07,50.515,1.765873015873017,-0.42381233983835265
2013-10-08,47.14,7.476635514018698,-6.837944664031623
2013-10-09,46.77,5.700397702165279,-1.27704485488126
2013-10-10,49.05,3.867865356470837,2.4757129426511963
2013-10-11,49.11,2.2135683541709334,-0.14233428222854877
2013-10-14,49.51,3.5900647046545733,2.483957772717855
2013-10-15,49.5,3.7006913379422537,-0.9801960392078455
2013-10-16,51.135,2.6853707414829726,2.1882494004796142
2013-10-17,52.21,2.492639842983309,2.1322378716744983
2013-10-18,54.22,2.2854477611940323,0.07382798080472341
2013-10-21,53.85,2.4294524387964946,-1.5179224579370854
2013-10-22,52.675,4.904214559386964,-3.046199153322292
2013-10-23,51.9,2.1904948171327936,0.2898550724637654
2013-10-24,52.445,2.417391574018093,0.1240931653302744
2013-10-25,51.95,2.6214340786430212,-2.312899586310637
2013-10-28,50.229,4.212860310421293,-2.5436554132712454
2013-10-29,49.395,3.1269035532994907,-2.631578947368409
2013-10-30,49.01,2.9948717948717967,-1.980000000000004
2013-10-31,50.205,11.827956989247312,6.468030961721974
2013-11-01,49.75,4.766693483507653,-2.1632251720747324
2013-11-04,48.22,3.602665556018319,-2.31945710523651
2013-11-05,50.105,5.6198695011576545,4.844109646369529
2013-11-06,49.12,3.5721617737630917,-2.2682053322721862
2013-11-07,47.56,5.433403805496829,-3.411860276198212
2013-11-08,47.53,2.96296296296296,-0.5856515373352879
2013-11-11,46.2,3.936146949486124,-1.785714285714278
2013-11-12,46.605,3.3602443814095553,1.315217391304341
2013-11-13,48.71,5.818497611810681,5.364481938135419
2013-11-14,48.99,3.206329377472411,0.5954825462012302
2013-11-15,49.01,1.5807842332169906,-0.20362451639177648
2013-11-18,45.83,6.637554585152852,-5.44666804208789
2013-11-19,46.36,2.7996500437445344,0.21616947686986906
2013-11-20,46.43,2.677607428201241,-0.3861832224844448
2013-11-21,46.7,1.6600621184534616,-0.6171525856565209
2013-11-22,46.23,2.850304612706706,-1.7219387755102091
2013-11-25,44.82,5.926430517711171,-3.3218291630716115
2013-11-26,45.89,6.016073478760057,2.754142409314832
2013-11-27,46.49,2.5038436195914793,1.1311725038068372
2013-11-29,47.01,1.5268817204301093,0.5561497326203166
2013-12-02,47.06,2.766969303934287,0.3411513859275132
2013-12-03,46.73,1.9658673579606907,-0.04278074866310829
2013-12-04,48.62,5.425853869433647,4.649160568230728
2013-12-05,48.34,1.7338625443910702,0.39460020768432985
2013-12-06,47.94,3.5212743659610135,-2.1233156390363397
2013-12-09,48.84,2.5764558022622475,1.5595757953836555
2013-12-10,50.245,4.594149155335813,3.299753289473678
2013-12-11,49.38,3.591103856355856,-2.3145400593471708
2013-12-12,51.83,2.7832609553888745,1.53785875208149
2013-12-13,53.32,4.207245812232171,3.213317847464196
2013-12-16,53.81,3.005103005103012,1.0516431924882672
2013-12-17,54.86,1.7330383480825915,0.18261504747991494
2013-12-18,55.57,3.9813953488372107,1.2942034269048501
2013-12-19,55.05,2.298424467099156,1.3252346769740453
2013-12-20,55.12,1.6964779642264463,0.345894775168392
2013-12-23,57.77,5.175834084761041,4.090090090090095
2013-12-24,57.96,2.9344579160077346,-0.5320061781362662
2013-12-26,57.73,1.7605020045319946,-1.01165980795611
2013-12-27,55.44,4.398190045248868,-3.5490605427974935
2013-12-30,53.71,3.2753134942915962,-2.221008556344436
2013-12-31,54.649,1.7621962530142885,0.9774575018477523
2014-01-02,54.71,1.9007196899797032,-0.21885828925770098
2014-01-03,54.557,2.0539152759948607,-0.8415121773900417
2014-01-06,57.2,5.9389454209065695,5.108416023520766
2014-01-07,57.92,2.3243621111499446,0.38128249566724237
2014-01-08,58.23,2.0618556701030926,1.0937499999999922
2014-01-09,57.22,4.077669902912626,-2.438192668371696
2014-01-10,57.94,2.173151069050114,1.4178190092770788
2014-01-13,55.91,5.182376309136868,-3.4536349507857023
2014-01-14,57.74,2.994652406417112,2.267091746369113
2014-01-15,57.6,2.2699493626680582,-0.6553984132459391
2014-01-16,57.19,2.093964455393287,-0.12224938875305673
2014-01-17,56.3,3.1210986267166043,-1.7452006980802792
2014-01-21,58.51,3.6814159292035367,3.3745583038869196
2014-01-22,57.51,3.8704028021015775,-2.2769753610875165
2014-01-23,56.63,1.7859227267421542,0.4612382472946694
2014-01-24,54.45,3.7132352941176525,-3.027604630454133
2014-01-27,53.55,5.9596914175506255,-2.156038735611182
2014-01-28,55.14,2.3703703703703725,2.073306182895219
2014-01-29,53.53,3.3088926489941812,-1.9776597692730238
2014-01-30,61.08,3.374131657294077,-1.6741790083708938
2014-01-31,62.57,5.318264916071125,3.472796427980819
2014-02-03,61.48,5.057660626029654,-2.4591464382040367
2014-02-04,62.75,2.135231316725979,1.1281224818694648
2014-02-05,62.19,3.084707034437724,-0.8766337264902841
2014-02-06,62.16,2.1477383664171823,1.1389521640091045
2014-02-07,64.32,3.776920604307288,3.2921149831379317
2014-02-10,63.548,1.6022560773872292,-1.1695178849144563
2014-02-11,64.851,2.6045777426992873,1.7270588235294104
2014-02-12,64.45,1.5768930523028963,-0.7239679605668498
2014-02-13,67.33,5.120999219359877,4.908071050171379
2014-02-14,67.09,1.288968824940047,-0.6074074074074023
2014-02-18,67.3,2.2244589072196206,0.5377950403346271
2014-02-19,68.06,3.104477611940296,1.5063385533184268
2014-02-20,69.63,6.668492400383396,2.805256164181295
2014-02-21,68.59,2.2059897735573277,-1.578418711436353
2014-02-24,70.78,4.23110592354828,2.967704393366317
2014-02-25,69.85,2.2318214542836534,-1.5503875968992367
2014-02-26,69.26,3.442265795206979,-1.3249750676734473
2014-02-27,68.94,1.6552925802236103,-0.5768676088837693
2014-02-28,68.46,3.7102997922232115,-1.453864977688218
2014-03-03,67.41,2.3154412870244956,0.6720430107526926
2014-03-04,68.8,1.8929310854776709,0.2039032915817078
2014-03-05,71.57,3.3754668198793367,2.697661070454865
2014-03-06,70.84,2.3345195729537376,-1.4468558708959267
2014-03-07,69.8,2.461494170145398,-1.8007878446820498
2014-03-10,72.03,2.325911218266913,1.7804154302670696
2014-03-11,70.1,3.759291023441981,-3.3103448275862144
2014-03-12,70.8799,3.405797101449267,1.4599198396793684
2014-03-13,68.83,4.695524578136447,-3.4506943470332554
2014-03-14,67.72,2.920249036466074,-1.124251715578911
2014-03-17,68.7399,3.497448213749622,0.8212085655617467
2014-03-18,69.19,1.9033674963396738,0.6253635834787559
2014-03-19,68.24,2.7051063514414926,-1.344513517420857
2014-03-20,66.97,2.110146662675862,-1.5291868842817322
2014-03-21,67.24,2.631364217435846,-0.42943876795499225
2014-03-24,64.1,6.313131313131313,-4.598898645631796
2014-03-25,64.89,3.77861398557541,0.0
2014-03-26,60.385,7.586549610733817,-6.726907630522085
2014-03-27,60.97,6.760952052431876,0.7602049248058187
2014-03-28,60.01,4.407179573607486,-2.1682425823280163
2014-03-31,60.24,2.7559712710873656,-0.8884501480750232
2014-04-01,62.62,4.017264276228411,3.5726099900760775
2014-04-02,62.72,2.7326796334994303,-0.7751937984496156
2014-04-03,59.49,6.832403179435141,-4.8920863309352445
2014-04-04,56.749,6.889204545454549,-5.3236569903236495
2014-04-07,56.95,4.617604617604622,1.8783542039356071
2014-04-08,58.1901,2.6937204827706824,0.8843619972260772
2014-04-09,62.41,5.52069500339595,4.662082844205926
2014-04-10,59.16,7.668711656441718,-6.214331008243503
2014-04-11,58.53,5.234688536032106,1.6145833333333328
2014-04-14,58.89,4.620976116303222,-1.9970044932601145
2014-04-15,59.09,6.800286327845377,-0.3373250126496808
2014-04-16,59.72,4.243158988569442,-0.11707643418631926
2014-04-17,58.94,3.167574931880108,-0.6070826306913987
2014-04-21,61.24,3.5333896872358466,2.9936091490077383
2014-04-22,63.0301,1.9607843137254883,0.6067039106145232
2014-04-23,61.36,3.6238981390793326,-3.2939322301024485
2014-04-24,60.87,6.491550945290271,-4.292452830188685
2014-04-25,57.71,4.238318568698971,-3.768550942137732
2014-04-28,56.14,6.67764361507502,-3.290267011197238
2014-04-29,58.15,4.369627507163319,3.6726689249420486
2014-04-30,59.78,4.706088173547944,3.8207711010767675
2014-05-01,61.15,3.4379671150971602,1.1914611947708074
2014-05-02,60.46,2.841475573280161,-1.370309951060353
2014-05-05,61.22,3.666779317336941,2.5976202446790633
2014-05-06,58.53,4.547785946315604,-4.017710724827806
2014-05-07,57.39,5.403483825097759,-2.348136804492092
2014-05-08,56.76,4.106194690265487,-0.8212475974139419
2014-05-09,57.24,2.252571833983675,0.6860158311345657
2014-05-12,59.83,3.3114867195584714,3.1907554329079018
2014-05-13,59.83,2.318937993614523,0.28494803888702935
2014-05-14,59.23,2.5445292620865136,-0.5039475894507043
2014-05-15,57.919,3.233657858136299,-2.2629092136348317
2014-05-16,58.0199,1.9891816436922012,-0.4975132910307022
2014-05-19,59.21,3.45666145561925,2.2801865607186045
2014-05-20,58.56,3.4547954623581956,-1.5798319327731056
2014-05-21,60.49,3.862660944206009,3.2957650273224037
2014-05-22,60.52,1.7880794701986729,-0.689202494256637
2014-05-23,61.351,2.1612635078969316,1.5576891243171702
2014-05-27,63.48,3.1508851713496795,3.0185004868549163
2014-05-28,63.51,2.427339508144368,0.18930430667297277
2014-05-29,63.83,1.2438985986458813,-0.01566416040101052
2014-05-30,63.3,2.5735294117647047,-1.016419077404231
2014-06-02,63.08,2.4818694601128226,-0.23722916337181493
2014-06-03,62.87,1.7650834403080895,0.3992334717342702
2014-06-04,63.34,2.4488480747543147,1.4251401120896725
2014-06-05,63.186,2.4514485832537396,-0.7445805843543775
2014-06-06,62.5,2.1399839098954114,-1.3728893798327244
2014-06-09,62.88,2.5084965204725753,0.7692307692307756
2014-06-10,65.77,3.6535433070866032,3.5258932787659294
2014-06-11,65.781,1.3867488443759497,0.7057562767912015
2014-06-12,64.2901,3.7620980330939693,-2.3688686408504163
2014-06-13,64.5,1.785994046686512,-0.30911901081916976
2014-06-16,64.19,1.772549019607836,0.04675810473815639
2014-06-17,64.4,1.4860003128421644,0.46801872074884776
2014-06-18,65.6,2.6541764246682327,1.7211970848193512
2014-06-19,64.3415,2.126771530914189,-1.7086770546898833
2014-06-20,64.5,2.3046566692975547,0.062053986968672446
2014-06-23,65.37,2.2422921208346276,1.632462686567182
2014-06-24,65.72,2.9109851386548273,0.5507955936352501
2014-06-25,67.44,2.91291749275585,2.83623055809698
2014-06-26,67.13,1.6442451420029809,-1.279411764705889
2014-06-27,67.6,1.2866546977857563,0.43084237111869267
2014-06-30,67.29,1.1768210934008734,-0.2520011858879151
2014-07-01,68.06,1.5580946728001146,0.7102693104468837
2014-07-02,66.45,3.8151694786441563,-2.3368606701940084
2014-07-03,66.29,1.88564476885644,-0.845112557026397
2014-07-07,65.29,2.226658476658459,-1.5233785822020978
2014-07-08,62.76,5.384986336601835,-3.535198278512149
2014-07-09,64.97,3.1195566112430817,2.4601797823687153
2014-07-10,64.8725,3.632038065027766,2.4680145316695623
2014-07-11,66.34,2.778206513350821,1.6237745098039251
2014-07-14,67.9,1.8983557548579908,1.1470281543274397
2014-07-15,67.165,2.7616963477210907,-1.1698057680988634
2014-07-16,67.66,1.2971522290144695,0.17767249037605912
2014-07-17,66.4099,2.7407631738340217,-0.9251081605251498
2014-07-18,68.4199,3.4764207980652917,2.4250000000000016
2014-07-21,69.4,2.1313868613138593,0.8574335125708522
2014-07-22,69.27,1.6907156391196567,-0.7024082568807469
2014-07-23,71.29,2.4709093521045813,2.2225408660740054
2014-07-24,74.98,2.9928868608240364,-1.2901527119536464
2014-07-25,75.19,1.3500843802737612,0.26670222696359897
2014-07-28,74.92,2.2342586323629057,-0.3325794864972728
2014-07-29,73.71,2.039009627786431,-1.351713062098508
2014-07-30,74.677,1.4299204100903848,0.6292952432286929
2014-07-31,72.65,2.3812810601877534,-1.8243243243243168
2014-08-01,72.36,2.3340321453529023,0.1938521185267247
2014-08-04,73.51,2.100608070757319,1.5892758430071943
2014-08-05,72.69,1.9534497090606766,-0.6967213114754168
2014-08-06,72.47,2.688396712634061,0.6248264371008093
2014-08-07,73.17,1.7881705639614818,0.23287671232876944
2014-08-08,73.06,1.1990077177508331,-0.4632152588555904
2014-08-11,73.44,1.1634273200109422,-0.027225701061796927
2014-08-12,72.83,1.5371088341179766,-0.3557258174852991
2014-08-13,73.77,1.6427104722792647,0.8889496717724172
2014-08-14,74.296,0.9363550006785151,0.44071921049074975
2014-08-15,73.63,2.2602739726027474,-0.9284176533907398
2014-08-18,74.59,1.0275824770146096,0.797297297297302
2014-08-19,75.29,1.0833221880433361,0.6416254511429007
2014-08-20,74.81,0.750469043151973,-0.21341870081365427
2014-08-21,74.57,1.0415924767754774,-0.46716497597438406
2014-08-22,74.57,1.5767296452358446,0.30938929244012614
2014-08-25,75.02,0.6551678031822367,0.10675206832132145
2014-08-26,75.9601,1.6860698514652626,1.2801333333333296
2014-08-27,74.63,1.3832930432446968,-0.8502723528630272
2014-08-28,73.855,0.9494100094941039,-0.19594594594594056
2014-08-29,74.82,1.0944466963923631,0.6998654104979758
2014-09-02,76.68,2.512697139802205,2.226369817357688
2014-09-03,75.83,2.4867724867725,-1.698211044853516
2014-09-04,75.95,1.853568118628367,0.07906179997364907
2014-09-05,77.26,2.35720521706923,1.5243101182654544
2014-09-08,77.89,1.5062978833917626,0.815428423505042
2014-09-09,76.67,2.5853018372703396,-1.185719809253772
2014-09-10,77.43,1.8821069141288689,1.189231573444865
2014-09-11,77.92,1.700194678780016,1.0242447815376718
2014-09-12,77.48,1.5564202334630388,-0.6921302230197284
2014-09-15,74.58,5.2022334195832665,-3.331173039533386
2014-09-16,76.08,4.324620227179432,3.4820457018498403
2014-09-17,76.43,2.223104406510529,0.6187467087941194
2014-09-18,77.0,1.058546785154211,0.2995961964309027
2014-09-19,77.91,2.4332810047095754,0.6589147286821587
2014-09-22,76.8,2.0803159973666863,-0.25974025974026343
2014-09-23,78.29,3.4061020515518,2.567797720424483
2014-09-24,78.535,1.432073280866984,0.556978233034574
2014-09-25,77.22,2.346687410864777,-1.755725190839689
2014-09-26,78.79,1.9547394284236408,1.546591055548399
2014-09-29,79.0,1.6544731099987184,1.1264720942140238
2014-09-30,79.04,1.408015267175577,-0.39067422810332464
2014-10-01,76.55,3.847167325428178,-2.8306676821528356
2014-10-02,77.08,2.432575356953997,0.666057202559756
2014-10-03,77.44,1.035464664768311,-0.4115226337448655
2014-10-06,77.555,1.3532856213402815,0.47285917865009597
2014-10-07,76.29,2.242917103882487,-0.9863724853990797
2014-10-08,77.52,3.4753661784287613,1.7589918613809257
2014-10-09,75.91,2.518259723137772,-1.7727743271221592
2014-10-10,72.91,5.140186915887844,-3.5454425188517087
2014-10-13,72.99,3.1163816878102666,-0.32773453502664085
2014-10-14,73.59,2.956280360860527,-0.5540540540540494
2014-10-15,73.21,4.94880546075086,2.1202399218858923
2014-10-16,72.63,3.9246245395296064,2.5992371803926955
2014-10-17,75.95,3.050847457627119,2.3171224572275344
2014-10-20,76.95,2.2685062350756278,1.7857142857142971
2014-10-21,78.69,2.0609202851587676,1.4569365652398085
2014-10-22,78.37,2.3586719651326615,-0.5646133350250501
2014-10-23,80.04,2.050373370459423,0.8314436885865594
2014-10-24,80.67,1.8889309127584475,0.5860349127182031
2014-10-27,80.28,1.3039117352056069,-0.5697299975229053
2014-10-28,80.77,1.9982405429181898,0.7358443502120093
2014-10-29,75.86,2.808237496656852,0.5434062292909165
2014-10-30,74.11,3.3607681755829746,-1.2524983344437013
2014-10-31,74.99,1.6789791806581598,0.08007473642064335
2014-11-03,73.88,2.469470827679774,-2.1067974029415706
2014-11-04,75.76,2.878479293957896,2.061161255557054
2014-11-05,74.83,3.198065036280563,-2.195791399817026
2014-11-06,75.26,1.7359709325797228,0.4940579516624443
2014-11-07,75.6,1.113036523593719,0.2785515320334179
2014-11-10,75.0,1.165929500067017,-0.47770700636942603
2014-11-11,74.61,1.2832635418073792,-0.45363575717145216
2014-11-12,74.72,2.1756867011150316,0.5923532579429156
2014-11-13,74.25,2.172732210755017,-0.6556061011506488
2014-11-14,74.88,1.2020529443544037,0.8213275885283419
2014-11-17,74.24,2.40254466702762,-0.8547008547008554
2014-11-18,74.34,1.217861975642749,-0.1477501678979173
2014-11-19,73.33,1.9559567774586333,-0.9187947574652167
2014-11-20,73.6,2.0410977796165906,1.098901098901095
2014-11-21,73.75,1.3605442176870748,-1.006711409395973
2014-11-24,74.01,1.36332651670075,0.6391079684525413
2014-11-25,75.63,2.171860245514636,1.9134887481471525
2014-11-26,77.62,3.0062243411468623,2.767112405666627
2014-11-28,77.7,1.3466269584358306,0.03862495171881181
2014-12-01,75.1,3.355614973262039,-2.795754594874464
2014-12-02,75.46,1.1593816631129934,0.1725740076994497
2014-12-03,74.88,1.787634408602148,-0.6633059166887769
2014-12-04,75.24,1.1920707206000545,0.5479085928103656
2014-12-05,76.36,1.857749469214445,0.7387862796833803
2014-12-08,76.52,2.4535809018567565,0.4463113678130601
2014-12-09,76.84,2.875100294196317,2.1808510638297878
2014-12-10,76.18,1.9455764427501039,-0.6131767775603376
2014-12-11,77.73,2.6673640167363915,1.5812859383167905
2014-12-12,77.83,2.414957153985977,0.868325557283569
2014-12-15,76.99,2.6384535005224605,-1.873566148355849
2014-12-16,74.69,3.7538544040756094,-1.968762304764405
2014-12-17,76.11,2.016021361815742,1.4664711371817014
2014-12-18,78.4,2.470265324794145,1.963844453114846
2014-12-19,79.88,2.1320056172603112,1.4349206349206292
2014-12-22,81.45,2.3625000000000007,1.7107892107892164
2014-12-23,80.61,2.201492537313428,-1.7190929041697105
2014-12-24,80.77,0.8421052631579032,-0.32086881401950523
2014-12-26,80.775,0.9564029313128753,-0.30239447050109897
2014-12-29,80.02,1.568184669426672,-0.5839234687538811
2014-12-30,79.22,1.8836915297092405,-0.7889793362554733
2014-12-31,78.02,2.491651682507061,-1.9109881820467818
2015-01-02,78.45,1.583011583011588,-0.16543649783659387
2015-01-05,77.19,3.103695029924548,-1.013080276994109
2015-01-06,76.15,2.952298812446107,-1.3984203029910633
2015-01-07,76.15,2.0311263518860545,-0.794684731631057
2015-01-08,78.175,2.8259726603575257,1.869950482147514
2015-01-09,77.74,1.839378238341971,-0.5882352941176572
2015-01-12,76.72,2.3487731268862437,-1.438848920863315
2015-01-13,76.45,2.9400131839156285,-1.0099702188268822
2015-01-14,76.28,1.540068210724582,-0.18319811567652522
2015-01-15,74.05,4.1202066902365875,-3.075916230366503
2015-01-16,75.18,2.004333694474526,1.5397082658022696
2015-01-20,76.24,1.9914461373964305,0.686740623349176
2015-01-21,76.74,1.9116677653263057,0.7615546218487373
2015-01-22,77.65,1.3954094940010342,0.6220033691849216
2015-01-23,77.83,1.4927310488058039,0.23180940115903748
2015-01-26,77.495,1.5267175572518987,-0.6219543472685296
2015-01-27,75.78,1.6527832870554013,-1.2123582323034712
2015-01-28,76.24,2.1552631578947437,-0.8582574772431869
2015-01-29,78.0,5.134078965099047,1.496421600520502
2015-01-30,75.91,3.181518151815177,-2.679487179487184
2015-02-02,74.99,3.2406779661016962,-1.4715543292602873
2015-02-03,75.4,2.3287300297860805,0.2792924591036148
2015-02-04,75.63,1.7864284762031586,0.7191370355573206
2015-02-05,75.615,1.0238000265922222,-0.12547880068682984
2015-02-06,74.47,1.9528619528619566,-1.598837209302336
2015-02-09,74.44,1.8788291354662974,0.526671168129643
2015-02-10,75.19,1.1275167785234945,0.4542418169672725
2015-02-11,76.51,2.2924163667866173,1.891064056465577
2015-02-12,76.23,1.291342732902891,-0.8196721311475351
2015-02-13,75.74,1.2980132450331179,-0.9416688464556616
2015-02-17,75.6,2.437400106553008,0.3984063745019883
2015-02-18,76.71,1.921802518223993,1.0139583882012062
2015-02-19,79.42,3.7556855100714754,3.161613799911669
2015-02-20,79.895,1.43939393939394,0.4336895034569439
2015-02-23,78.84,2.309262566981376,-1.4007003501750757
2015-02-24,78.45,1.7669654289372723,-0.06369426751591994
2015-02-25,79.56,2.165605095541405,1.3503184713375824
2015-02-26,80.41,2.0697441043652858,0.663495242864298
2015-02-27,78.97,3.3197659628593224,-2.119484382746663
2015-03-02,79.75,1.7002037697402037,0.949367088607595
2015-03-03,79.6,1.5028018339276705,-0.012561236025631348
2015-03-04,80.895,2.916930881420433,2.011349306431272
2015-03-05,81.21,1.159777914867363,-0.024621445278850462
2015-03-06,80.005,1.8789928598271326,-1.106304079110025
2015-03-09,79.44,1.6278774004832777,-0.30120481927711984
2015-03-10,77.55,2.205029013539662,-1.2101910828025513
2015-03-11,77.57,1.5143670722236624,-0.29562982005141897
2015-03-12,78.93,1.4632268001540247,1.0627400768246
2015-03-13,78.05,2.1884654994850523,-0.6997455470737878
2015-03-16,78.07,0.9824198552223438,0.14109799897383202
2015-03-17,79.365,1.8381414347715057,1.2825421133231183
2015-03-18,80.91,2.614626752557778,2.0946372239747593
2015-03-19,82.75,2.4691358024691357,2.0093688362919075
2015-03-20,83.8,1.8418201516793082,0.4916656673462005
2015-03-23,84.43,1.9927971188475349,0.6077216396568221
2015-03-24,85.31,1.8337671557028017,0.7082989021367118
2015-03-25,82.92,3.1355523396044314,-3.017543859649121
2015-03-26,83.01,1.9844168492817085,0.3505802707930443
2015-03-27,83.3,1.291023166023175,-0.09594627008874826
2015-03-30,83.195,2.341948792622263,-0.7338026488485969
2015-03-31,82.215,1.5691521712687098,-0.8262967430639352
2015-04-01,81.665,2.287622109558544,-1.0121212121212044
2015-04-02,81.555,1.3752455795677856,-0.8449848024316026
2015-04-06,82.44,2.487623762376244,2.0297029702970306
2015-04-07,82.32,1.4594989053758245,-0.399274047186948
2015-04-08,82.275,1.539589442815238,-0.429626043809742
2015-04-09,82.17,1.3339860482193164,-0.3999999999999979
2015-04-10,82.04,0.8545965083628407,-0.20678749543849595
2015-04-13,83.01,2.465820312499995,1.318198462101792
2015-04-14,83.515,1.5162542455118875,0.4148130335457483
2015-04-15,82.705,1.6895587699039754,-1.0113704368641518
2015-04-16,82.31,1.1199026171637096,-0.1940099430095751
2015-04-17,80.775,2.164986935423659,-0.86524300441826
2015-04-20,83.09,2.3510585918266997,1.9009075300465992
2015-04-21,83.62,1.1371797941105921,-0.452380952380947
2015-04-22,84.63,1.3030484160191143,0.36764705882353216
2015-04-23,82.41,3.858755005460511,-2.0095124851367396
2015-04-24,81.53,1.7918507609229182,-1.498127340823964
2015-04-27,81.91,1.5925517579321469,0.048857945523381026
2015-04-28,80.68,2.081515642527735,-1.4053525601857404
2015-04-29,80.465,2.3516096579476917,0.5686789151356059
2015-04-30,78.77,3.3707865168539337,-1.5498062742157344
2015-05-01,78.99,2.1124055818717267,-0.3154972236244321
2015-05-04,78.81,1.3479570800494964,-0.6554897264590899
2015-05-05,77.56,2.0461020461020443,-1.2603437301082048
2015-05-06,78.1,2.2842310188189554,0.16673079389508202
2015-05-07,78.425,1.7792676637441922,0.5448717948717912
2015-05-08,78.51,1.5378700499807803,-0.7458912768647146
2015-05-11,78.01,1.4115231618118749,-0.598878695208969
2015-05-12,77.46,1.4324781872639591,-0.5265185565686539
2015-05-13,78.44,1.1332904056664461,0.9264024704065864
2015-05-14,81.37,4.0358459387314065,3.0782873068153114
2015-05-15,80.42,1.6712397106510215,-1.2160668222577018
2015-05-18,80.88,1.4333790352735778,0.6846757126851701
2015-05-19,80.63,1.4152700186219747,-0.7630769230769286
2015-05-20,80.55,2.0639315378806957,0.09941593140300521
2015-05-21,80.48,1.0489510489510532,0.36164110238185093
2015-05-22,80.54,1.320872274143305,0.23646546359677906
2015-05-26,79.335,1.9221041982802174,-1.3614323013800982
2015-05-27,80.55,1.5485332997607828,1.1934673366834208
2015-05-28,80.145,1.3431250000000006,-0.13084112149533206
2015-05-29,79.19,1.5086206896551697,-0.9505941213258351
2015-06-01,80.29,2.186625985252986,1.2484237074401126
2015-06-02,80.445,2.249874308697828,0.8588264794382998
2015-06-03,82.44,1.5753846153846167,1.3398893669330099
2015-06-04,82.05,1.7666543982333427,-0.10956902848795157
2015-06-05,82.14,1.1655011655011516,0.32979113228288265
2015-06-08,80.67,2.333707724946967,-1.4055243216817301
2015-06-09,80.67,2.357539082198695,0.08684863523574118
2015-06-10,82.16,2.215072392030679,1.645428677471234
2015-06-11,81.83,1.8928220255653962,-0.5831612197788896
2015-06-12,81.53,1.0960591133004933,0.19663266560156883
2015-06-15,80.71,1.0740601973273558,0.19863438857851842
2015-06-16,81.06,1.3175885643256708,0.29695619896066455
2015-06-17,81.79,1.0818785345463429,0.03669275929550041
2015-06-18,82.905,1.9860242736300167,1.5494855463008337
2015-06-19,82.51,1.0472479298587425,-0.3863334540625295
2015-06-22,84.74,1.9925579162165363,1.5945330296127542
2015-06-23,87.88,3.7871637564889022,3.436911487758948
2015-06-24,88.86,2.0583190394511117,1.368925393566054
2015-06-25,87.98,1.7817498719189524,-1.4340129957427752
2015-06-26,88.01,1.741022224320878,-0.12482977757603203
2015-06-29,85.8,2.0646214860608842,-0.935226879113269
2015-06-30,85.765,1.3205562697207078,-0.9642032332563438
2015-07-01,86.91,1.6880564227078367,0.16134608735738223
2015-07-02,87.285,1.2739155965767828,-0.13157894736843145
2015-07-06,87.55,2.0773237643245777,1.2255752110070555
2015-07-07,87.22,3.0728256150931,-0.6605922551252829
2015-07-08,85.65,1.527298262039917,-0.7416850156449188
2015-07-09,85.88,2.2768269431721366,-0.980053038164428
2015-07-10,87.95,1.6710844762014554,0.6868918145392199
2015-07-13,90.1,2.035738520696672,1.6241822693435572
2015-07-14,89.68,1.2827663134411504,-0.8622595622374387
2015-07-15,89.76,1.755759337955707,-0.266666666666661
2015-07-16,90.85,1.2142141027069215,0.6313690739920172
2015-07-17,94.97,3.079749297601031,2.6148028092922764
2015-07-20,97.91,3.3976510067114036,2.1491914449660956
2015-07-21,98.39,2.1589887865994974,-0.5659423951490674
2015-07-22,97.04,1.7306088407005802,0.31010957204880235
2015-07-23,95.44,2.7845164012235,-1.5676567656765636
2015-07-24,96.95,1.9607843137255003,-0.4108885464817581
2015-07-27,94.17,2.962695339768366,-2.4953406502381412
2015-07-28,95.29,2.4113171149930337,0.4744833403627191
2015-07-29,96.99,2.6810217437196604,0.6955980066445201
2015-07-30,95.21,4.368191721132903,0.31608892635127717
2015-07-31,94.01,2.5332623736029753,-0.989994734070561
2015-08-03,94.14,2.4568965517241392,0.652197155992729
2015-08-04,94.06,1.5000535733419111,0.2878771724064357
2015-08-05,96.44,2.0067241017020345,1.2493438320209949
2015-08-06,95.12,4.5753018428299015,-2.1197777320436324
2015-08-07,94.3,1.9121888687106146,-1.1323128538477651
2015-08-10,94.15,2.4244366121969567,-1.5990802675585294
2015-08-11,93.62,2.001494070006015,-0.11735836978555364
2015-08-12,94.19,3.563987279306942,1.607335490830631
2015-08-13,93.43,1.4783074450990998,-0.6592238171185437
2015-08-14,94.42,1.619997854307483,0.9407740004276197
2015-08-17,93.93,1.145732947853082,-0.5189578479135721
2015-08-18,95.17,1.9247128881326965,1.1585884353741533
2015-08-19,95.31,2.0592389630526364,0.7185881855648387
2015-08-20,90.56,4.764536811850544,-3.18580286508446
2015-08-21,86.06,4.170073589533942,-1.6681901279707427
2015-08-24,82.09,21.02777777777778,6.568869271712323
2015-08-25,83.0,5.626506024096387,-4.542840713053482
2015-08-26,87.19,5.04443910641363,1.4426992437463582
2015-08-27,89.73,3.2916618878311787,0.6054490413723581
2015-08-28,91.01,1.879900213827515,1.1896820102290497
2015-08-31,89.43,2.429969625379679,-1.280494535820727
2015-09-01,87.23,3.341040462427746,0.27589378089436617
2015-09-02,89.89,2.579025447905974,1.2046836298131136
2015-09-03,88.15,2.38230935825828,-1.793672014260249
2015-09-04,88.26,1.949250288350632,1.215596330275232
2015-09-08,89.53,1.5873015873015834,-0.1783922399375589
2015-09-09,90.44,2.007319507596764,-0.37453183520599626
2015-09-10,91.98,2.7111458217114883,2.120572887753981
2015-09-11,92.05,1.042466805662244,0.40357766143105406
2015-09-14,92.31,1.1135371179039413,0.0
2015-09-15,92.9,1.590587209935716,0.5737793655948913
2015-09-16,93.45,1.0471769405160303,0.5920344456404705
2015-09-17,94.34,2.8094725511302467,1.0388775838063606
2015-09-18,94.4,2.299838796346051,1.2875536480686725
2015-09-21,95.55,2.08421498095641,0.9828788839568723
2015-09-22,92.96,3.0026109660574467,-0.8638157193132157
2015-09-23,93.97,1.6379310344827542,0.610278372590999
2015-09-24,94.41,2.7374241110147506,1.4506769825918702
2015-09-25,92.77,4.116880295459474,-3.1527299300553397
2015-09-28,89.21,4.660920843728736,-3.1168549087749833
2015-09-29,86.67,5.062995800279985,-2.727272727272719
2015-09-30,89.73,2.283831382797399,1.4586160108548238
2015-10-01,90.95,2.931190583974653,0.9994447529150536
2015-10-02,92.07,4.334050016974085,3.5658042744656773
2015-10-05,94.01,1.7375350744657885,1.1512803959543871
2015-10-06,92.8,1.9818063677712783,-1.360544217687076
2015-10-07,92.4,2.506293094013343,-0.7625389324454879
2015-10-08,92.47,3.0396816624295346,0.6311894656654677
2015-10-09,93.24,1.6272943115168101,0.36598493003228116
2015-10-12,94.26,2.0826588971619646,1.007286755250763
2015-10-13,94.12,1.9454836985569293,0.49113815929960275
2015-10-14,94.07,1.6985364811451804,-0.01062925170068571
2015-10-15,95.96,1.475237091675439,1.0211601221181166
2015-10-16,97.54,2.349239643418992,1.4140153878145136
2015-10-19,98.47,1.7024349979364337,1.3274336283185757
2015-10-20,97.0,3.1379453189726605,-1.752253620986533
2015-10-21,97.11,1.7725717839743007,-0.26702269692924424
2015-10-22,99.67,2.2347514095335796,1.9224869618570357
2015-10-23,102.19,2.685702875399359,0.27475223236188906
2015-10-26,103.77,2.2255046774987743,1.5362035225048856
2015-10-27,103.7,1.660156249999989,0.7382941519331699
2015-10-28,104.2,1.5157403808783543,0.28873917228103674
2015-10-29,104.88,1.5455950540958352,0.8849557522123911
2015-10-30,101.97,3.020167240531228,-2.4303894364175735
2015-11-02,103.31,2.263293140936936,0.8295920359164636
2015-11-03,102.58,1.220703125,-0.6200348769618297
2015-11-04,103.94,1.6198282591725182,0.7268146138191686
2015-11-05,108.76,2.50115794349236,-0.03676470588234563
2015-11-06,107.095,2.6720800679822476,-0.8746760459089293
2015-11-09,106.49,2.25769884753448,-0.47663551401869636
2015-11-10,107.91,2.7651083238312535,1.8403171007927548
2015-11-11,109.01,2.5767902156661426,0.6834764939503178
2015-11-12,108.02,1.2870370370370376,-0.42404129793511053
2015-11-13,103.95,4.256958489839162,-3.4908550738092945
2015-11-16,104.04,3.6826913506519383,0.6968641114982705
2015-11-17,105.13,1.978106395237183,0.48747849359586204
2015-11-18,107.77,2.362653003131222,1.8620037807183354
2015-11-19,106.26,1.6800377536573867,-1.024590163934421
2015-11-20,107.32,1.1723879197148752,0.4492699363534161
2015-11-23,106.95,1.308446455505284,-0.2239014833473224
2015-11-24,105.74,2.011686943193787,-0.24528301886792936
2015-11-25,105.41,1.4272121788772598,-0.865230884980722
2015-11-27,105.45,1.0490177379362906,-0.31196823596142775
2015-11-30,104.24,2.264963855421692,-1.5117157974300912
2015-12-01,107.12,2.5358851674641203,2.1844891729466815
2015-12-02,106.07,2.013422818791942,-0.8691588785046793
2015-12-03,104.38,3.386550556361877,-1.778488755057872
2015-12-04,106.18,3.4770915377965657,1.307127182520756
2015-12-07,105.61,2.0733804700936385,-0.8170548459804701
2015-12-08,106.49,2.8475228475228413,2.3942307692307643
2015-12-09,104.6,2.790922259777886,-1.4880391787530725
2015-12-10,105.42,1.9059477061584225,0.35221323179438796
2015-12-11,102.12,2.3844568737121055,-1.9491118578972646
2015-12-14,104.66,3.2328011038833053,2.321943588991543
2015-12-15,104.55,1.4576141158419602,-0.7122507122507122
2015-12-16,106.79,2.783376523658706,1.3476321533643367
2015-12-17,106.22,1.5264298501837412,-1.1815052563029083
2015-12-18,104.04,2.5199576801000334,-1.9230769230769156
2015-12-21,104.77,1.4961389961390072,-0.13344771709084033
2015-12-22,105.51,0.8110867283656117,0.27561300133055144
2015-12-23,104.63,2.166377816291161,-1.1899140617622108
2015-12-24,105.02,0.7846889952153044,0.2673286232575913
2015-12-28,105.93,1.3871615804075412,0.8665016187392981
2015-12-29,107.26,1.4023529411764657,0.7893253147904561
2015-12-30,106.22,1.1220064114652062,-0.7289719626168234
2015-12-31,104.66,1.4815522844580358,-1.2641509433962297
2016-01-04,102.22,2.496240601503754,0.26483570377635707
2016-01-05,102.73,2.0114100231151313,-0.15550588006608668
2016-01-06,102.97,2.8444003964321016,1.819440324335018
2016-01-07,97.92,4.244604316546773,-2.567164179104476
2016-01-08,97.33,3.5750393430559946,-2.5530636764116914
2016-01-11,97.51,3.3651326134814905,-0.40853845368194414
2016-01-12,99.37,2.470527934392616,0.3737373737373783
2016-01-13,95.44,5.640163848335264,-5.110359912507458
2016-01-14,98.37,6.944294213088158,2.629107981220668
2016-01-15,94.97,3.036134274107322,1.0534156203447487
2016-01-19,95.26,3.7265758091993186,-1.315653164819223
2016-01-20,94.35,6.299653127447684,1.6374017020359752
2016-01-21,94.16,3.6385229971928204,-0.7902223158782005
2016-01-22,97.94,2.7018535972353113,1.5869723057774103
2016-01-25,97.01,2.6307644692045775,-1.7321717990275463
2016-01-26,97.34,2.3207192138824997,-0.42962356792144196
2016-01-27,94.45,3.841664013583774,-3.415482155639639
2016-01-28,109.11,5.276214101707853,1.7817164179104445
2016-01-29,112.21,3.6751194413818444,2.954399486191393
2016-02-01,115.09,3.3122042674761127,2.511801906119184
2016-02-02,114.61,3.87809187279152,-0.16550522648083427
2016-02-03,112.69,5.094031890660591,-2.2382233018131332
2016-02-04,110.49,2.46224256292906,-1.1717352415026854
2016-02-05,104.07,6.2027524714091795,-4.967582869144381
2016-02-08,99.75,5.356043505027717,-0.6573050492978753
2016-02-09,99.54,5.763272051229098,2.470660901791235
2016-02-10,101.0,3.002793296089391,-0.5416051206302286
2016-02-11,101.91,6.3005663430420755,2.3192771084337376
2016-02-12,102.01,3.1160352161440215,-1.667630614999026
2016-02-16,101.61,3.681165203511584,-2.109826589595374
2016-02-17,105.2,5.2988047808764875,3.1979595840690656
2016-02-18,103.47,2.882655537222167,-2.202268431001889
2016-02-19,104.57,2.9002547521065978,1.9697708434909762
2016-02-22,107.16,2.7624833871273937,1.5830884444023148
2016-02-23,105.46,2.2355403348553975,-1.3008890968647644
2016-02-24,106.88,4.097722406073592,2.5621341521926895
2016-02-25,108.07,2.32932487453839,0.8962748576229985
2016-02-26,107.92,2.136991414706986,-0.7175712971481151
2016-02-29,106.92,2.023512880562061,-0.6319702602230415
2016-03-01,109.82,2.063197026022304,1.845497542427891
2016-03-02,109.95,1.6364806472372908,0.24617067833697667
2016-03-03,109.58,1.6215220195319613,-0.6077097505668949
2016-03-04,108.39,1.9642360789400446,-1.5084052703316644
2016-03-07,105.73,3.1990068754774588,-2.165263255297482
2016-03-08,105.93,2.8448275862068955,1.0975376980339813
2016-03-09,107.51,1.914873447720173,0.7591377694470499
2016-03-10,107.32,2.7324408929194313,-0.5467519228987151
2016-03-11,109.41,1.3899184581171238,0.8573008849557454
2016-03-14,109.89,1.4342189942079637,0.5581991215226935
2016-03-15,110.67,1.8283719220874632,1.4297497937860897
2016-03-16,112.18,2.1798365122615855,1.5295501855371636
2016-03-17,111.02,1.7700713447123577,-1.0075791350869456
2016-03-18,111.45,1.9497596807835367,-0.09860164933667931
2016-03-21,111.85,1.2068810231469003,0.1701594125022369
2016-03-22,112.25,1.538184762076094,0.799209770114943
2016-03-23,112.54,1.062499999999998,0.473172038210875
2016-03-24,113.05,1.262535816618908,0.820476232943906
2016-03-28,113.69,1.4509960159362483,0.32650900105895214
2016-03-29,116.14,2.3583245336149177,2.0293420012299066
2016-03-30,114.7,2.3042280617375637,-1.7390559410605682
2016-03-31,114.1,1.0915176648659397,-0.5231037489102079
2016-04-01,116.06,2.487869430966041,2.030769230769233
2016-04-04,112.55,2.6341725651823293,-1.3325151222933251
2016-04-05,112.22,1.2689901697944481,0.0981179199000976
2016-04-06,113.71,1.2364347980786343,1.1025162265492974
2016-04-07,113.64,1.6129474476479748,-0.13182177695755837
2016-04-08,110.63,4.030937215650584,-3.16849015317287
2016-04-11,108.99,1.9674542612852814,-1.5447154471544786
2016-04-12,110.61,1.9951371685475814,1.1615145417962283
2016-04-13,110.51,5.754787833270757,-1.532567049808428
2016-04-14,110.84,1.6143660438962462,0.19887904538058113
2016-04-15,109.64,1.6208791208791171,-1.0379998194782973
2016-04-18,110.45,1.4743589743589738,0.6469837798432733
2016-04-19,112.29,3.013924514474172,1.0711071107110819
2016-04-20,112.42,1.532807457870199,-0.008894423196660247
2016-04-21,113.44,1.5403793072745116,0.7907596623722795
2016-04-22,110.56,2.513530868727635,-0.5844798129664522
2016-04-25,110.1,1.4669478316677442,0.2093383089105213
2016-04-26,108.76,2.1729079981507113,-1.5657525567924608
2016-04-27,108.89,2.4738970934060722,0.8801185843987427
2016-04-28,116.73,3.923255613869055,-2.3792598787371935
2016-04-29,117.58,1.7265193370165748,0.6505735319294685
2016-05-02,118.57,1.8529638843613374,0.6280234235763344
2016-05-03,117.43,0.9741924457357722,-0.07658270932606298
2016-05-04,118.06,1.4840868147894004,1.2434611096818478
2016-05-05,117.81,1.475479744136464,-0.1948492036597797
2016-05-06,119.49,2.1554451395963006,1.9887333560942286
2016-05-09,119.24,1.1606391925988186,-0.2509620210808193
2016-05-10,120.5,4.96515679442509,0.7356629326199594
2016-05-11,119.52,1.3900519176017387,-0.7391412673366005
2016-05-12,120.28,1.63162321278385,0.2500416736122663
2016-05-13,119.81,0.8021390374331497,-0.4735005814919365
2016-05-16,118.67,1.9258628035790415,-0.59473948735131
2016-05-17,117.35,1.5443686006825958,-1.2371654603602078
2016-05-18,117.65,1.3192838173562855,0.7277397260274046
2016-05-19,116.81,1.3893683120469447,-0.20504058094830835
2016-05-20,117.35,0.8892689183411646,0.33344733242134117
2016-05-23,115.97,1.4317750560634783,-1.234883324816899
2016-05-24,117.7,1.3864967275232514,1.2560220233998693
2016-05-25,117.89,1.094735048560241,-0.20316600355540074
2016-05-26,119.47,1.5604647218453125,1.0402571041948614
2016-05-27,119.38,0.7058230400806563,-0.15055202408832954
2016-05-31,118.81,1.6754006484875672,-0.5441151849991558
2016-06-01,118.78,1.069427940926842,0.2362869198312246
2016-06-02,118.93,14.70140416173236,0.20220743112310144
2016-06-03,118.47,0.9502799932122895,-0.42445891994116025
2016-06-06,118.79,0.9040216289286983,0.14331478671387765
2016-06-07,117.76,1.3852298801733622,-1.2411942301241108
2016-06-08,118.39,1.134134902362069,0.5349864130434744
2016-06-09,118.56,0.8240591283663352,0.3640057563701065
2016-06-10,116.62,1.5912609667985502,-0.7827122681640307
2016-06-13,113.95,1.915100167681583,-0.9130434782608671
2016-06-14,114.94,1.2061982743440787,0.7626895765757908
2016-06-15,114.6,1.2010169194354385,-0.6071118820468369
2016-06-16,114.39,1.381264388170712,0.4566611047685923
2016-06-17,113.02,1.6613361762615533,-1.223562314280725
2016-06-20,113.37,1.7472283813747218,-0.35158653423573133
2016-06-21,114.38,1.0916907958234678,0.22783035401331134
2016-06-22,113.91,0.9946307543350017,-0.645442651548198
2016-06-23,115.08,1.365157653690327,0.6207921657777334
2016-06-24,112.08,2.414414414414421,0.9638771281866437
2016-06-27,108.97,3.0860205118728534,-2.3303755489826967
2016-06-28,112.7,1.9900497512437838,1.8711018711018779
2016-06-29,114.16,1.0704175513092655,0.6968333774367046
2016-06-30,114.28,1.328406791589694,-0.34010639225603956
2016-07-01,114.19,1.1598277831473447,-0.008756567425573656
2016-07-05,114.0,1.009117464813668,0.05265929436545751
2016-07-06,116.7,3.3814286978844006,2.946365561044463
2016-07-07,115.85,1.3956310679611645,-0.6687816170796547
2016-07-08,117.24,1.4242555028053567,0.6956969853130534
2016-07-11,117.87,1.0212765957446832,0.1359272789057946
2016-07-12,117.93,0.978140682146811,-0.5900699654387496
2016-07-13,116.78,1.4741172437435712,-1.3599121547427988
2016-07-14,117.29,0.805484147386459,-0.17872340425531383
2016-07-15,116.86,1.4582261108251868,-0.747409546458294
2016-07-18,119.37,2.3269740781931723,1.747357654278905
2016-07-19,120.61,1.8456093038934756,1.3614589461299307
2016-07-20,121.92,1.3603185136031857,0.5525773195876302
2016-07-21,120.61,1.5384615384615337,-1.0744750656167998
2016-07-22,121.0,1.4248596094208388,0.9174311926605456
2016-07-25,121.63,3.455595177449476,0.19770986077930217
2016-07-26,121.22,1.0931677018633486,-0.6393442622950829
2016-07-27,123.34,2.8721915891696113,0.751511190981867
2016-07-28,125.0,3.8016662622340998,-1.9761606022584661
2016-07-29,123.94,1.7217686524937432,-0.5695948656237528
2016-08-01,124.31,1.3999674426176125,0.371417036737996
2016-08-02,123.09,2.23642172523962,-0.7818797356117999
2016-08-03,122.51,1.3163273648924858,-0.4711999350069041
2016-08-04,124.36,1.8610725655048577,1.1550349764112589
2016-08-05,125.15,0.9762603275278768,0.1360217634821585
2016-08-08,125.26,0.7226013649136939,0.007984031936131829
2016-08-09,125.06,1.2527101903155884,-0.22339237274613144
2016-08-10,124.88,0.7547775814999178,-0.1519149276405195
2016-08-11,124.9,0.5050100200400766,-0.23961661341852808
2016-08-12,124.88,0.6603317764535296,0.14434643143543915
2016-08-15,123.9,0.9862570735650759,-0.8085821791689944
2016-08-16,123.3,0.9284899820817727,-0.16194331983805899
2016-08-17,124.37,1.2454212454212463,0.5741549409671745
2016-08-18,123.91,0.5014558395341351,-0.08063865817273488
2016-08-19,123.56,0.7113887086307555,-0.032362459546919124
2016-08-22,124.15,1.3971245227845006,0.6648828346712133
2016-08-23,124.37,0.6760563380281718,-0.11244076780981492
2016-08-24,123.48,1.2998618896742176,-0.7953723788864745
2016-08-25,123.89,1.0316815597075633,0.6254061078622449
2016-08-26,124.96,1.0330078282624495,0.7335751713018918
2016-08-29,126.54,1.9139525532770485,1.7611580217129168
2016-08-30,125.84,1.1586096683979135,-0.6003159557661856
2016-08-31,126.12,0.8952837729816183,0.4140127388535113
2016-09-01,126.17,0.8200636942675168,-0.16616553252096355
2016-09-02,126.51,0.6825396825396821,-0.2680331099723998
2016-09-06,129.73,2.743733691784612,2.4157259019499393
2016-09-07,131.05,1.5621392843401318,0.7766840972008762
2016-09-08,130.27,0.9783529774285572,-0.4964864039107679
2016-09-09,127.1,2.2415420928402976,-2.0121810191966802
2016-09-12,128.69,2.393638170974148,2.1673547157827917
2016-09-13,127.21,1.3342807516185045,-0.6404748886979672
2016-09-14,127.77,1.5052407597131459,0.6935140673023843
2016-09-15,128.35,1.1200751938591622,0.2891076730739102
2016-09-16,129.07,0.7644305772231031,0.678627145085807
2016-09-19,128.65,1.309839388741624,-0.9699022400123093
2016-09-20,128.64,0.8898646965141888,-0.007773027594262982
2016-09-21,129.94,1.2578861282031384,0.627274839309225
2016-09-22,130.08,0.90305649891941,-0.3218390804597605
2016-09-23,127.96,1.0212097407698328,0.3135779241141357
2016-09-26,127.31,1.0725552050473182,-0.04710685404726566
2016-09-27,128.69,1.2398964137173225,0.8463286576287112
2016-09-28,129.23,0.8333333333333279,0.015478678120874398
2016-09-29,128.09,1.364170913367303,-0.8437838674717474
2016-09-30,128.27,0.8944684189878389,0.1874560649847763
2016-10-03,128.77,1.0093896713615074,0.30378563639197287
2016-10-04,128.19,1.3536662906047003,-0.7586900983200355
2016-10-05,128.47,0.7588203082218674,0.17153996101364433
2016-10-06,128.74,0.7651467832604542,0.24137662539905183
2016-10-07,128.99,0.7169017377074631,-0.03874767513947842
2016-10-10,130.24,1.1609907120743035,0.4318322023442337
2016-10-11,128.88,1.8794353895344278,-1.0366275051831333
2016-10-12,129.05,0.9341429238673429,0.031005348422618765
2016-10-13,127.82,1.183431952662722,-0.3041884408392596
2016-10-14,127.88,1.073836024455236,-0.4747451163514776
2016-10-17,127.54,0.9032359409362282,-0.5148205928236993
2016-10-18,128.57,1.0780407780642103,-0.08548336959901588
2016-10-19,130.11,1.4541213063763645,1.0641603231318972
2016-10-20,130.0,0.8957528957528931,-0.05381717536710477
2016-10-21,132.07,1.8735543562066364,1.7645245800585547
2016-10-24,133.28,0.9496783957623878,0.42194092827004387
2016-10-25,132.29,0.9680834972016346,-0.9063670411985079
2016-10-26,131.04,1.0119524955130321,-0.45578851412943966
2016-10-27,129.69,1.957143962249556,-1.5560953393046997
2016-10-28,131.29,2.3397213884399233,0.6053639846743234
2016-10-31,130.99,0.9447332933486701,-0.7726687372168638
2016-11-01,129.5,2.557326078507572,-1.4534662506658524
2016-11-02,127.17,3.1279695913842165,-2.349689011748436
2016-11-03,120.0,3.163179916317992,-1.639344262295082
2016-11-04,120.75,2.2473794549266306,0.9699807676227081
2016-11-07,122.15,1.5318500206015704,-0.5536106814296121
2016-11-08,124.22,2.52591739345071,1.7946406621322606
2016-11-09,123.18,2.73836196166293,1.3827160493827217
2016-11-10,120.8,7.729678146959322,-2.5256193012184376
2016-11-11,119.02,2.1582733812949613,-1.1790102955828643
2016-11-14,115.08,4.907026203507603,-3.3960794321287846
2016-11-15,117.2,2.2964689631356268,0.40263856763471156
2016-11-16,116.34,3.213378863497068,-0.7337883959044363
2016-11-17,117.79,1.5343504870269813,0.8130777131119503
2016-11-18,117.02,1.9599452242382676,-1.1571923304333174
2016-11-21,121.77,3.5229202037351492,2.8549708590252516
2016-11-22,121.47,1.7204301075268804,-0.759803921568633
2016-11-23,120.84,1.1422377855594503,-0.32170254887404154
2016-11-25,120.38,0.8911468310152474,-0.5206181307330052
2016-11-28,120.41,1.560674344850613,0.2414252414252348
2016-11-29,120.87,1.411960132890356,0.24881811395870562
2016-11-30,118.42,3.25561678677406,-1.579122340425525
2016-12-01,115.1,3.903508771929827,-2.7707383003885804
2016-12-02,115.4,1.9072615923009684,0.25193293371558184
2016-12-05,117.43,2.172590597027896,1.2764122466580456
2016-12-06,117.31,1.2593484053984385,-0.3228821480159703
2016-12-07,117.95,1.1838380372308568,0.8119658119658144
2016-12-08,118.91,1.581094865691941,0.788269198169175
2016-12-09,119.68,0.8322824716267296,0.38584130179500753
2016-12-12,117.77,1.351466213344657,-1.2162388860929398
2016-12-13,120.31,3.3245472323781966,2.0787374851518776
2016-12-14,120.21,2.3895666806899483,0.1749999999999948
2016-12-15,120.57,2.3990637799883014,0.40806129247168127
2016-12-16,119.87,1.869707386601831,-0.8519437551695624
2016-12-19,119.24,1.5610497004472148,-0.508969545264914
2016-12-20,119.09,0.8164983164983156,-0.34309623430962055
2016-12-21,119.04,0.6076975016880476,0.10090817356206234
2016-12-22,117.4,1.7617377918412624,-1.2283358573111172
2016-12-23,117.27,1.0834049871023261,0.23076923076922737
2016-12-27,118.01,1.5539430449069025,0.8977428180574654
2016-12-28,116.92,1.3716245177882507,-1.074540993315844
2016-12-29,116.35,1.2674478717904563,-0.5555555555555605
2016-12-30,115.05,1.7914351607813281,-1.3250997041039512
2017-01-03,116.86,2.0171413730412935,0.7153322416616378
2017-01-04,118.69,2.0206326200016966,0.9698000850701833
2017-01-05,120.67,2.2220081152188738,1.5227999326939274
2017-01-06,123.41,3.207531450470711,2.008596462225155
2017-01-09,124.9,1.9424577373211966,1.0926750303520911
2017-01-10,124.35,0.9816543289346626,-0.3765422207979482
2017-01-11,126.09,1.6604868611961972,1.3992762364294404
2017-01-12,126.62,1.5464743589743644,0.8040761085900844
2017-01-13,128.34,1.4917170448300272,0.6667189583496812
2017-01-17,127.87,0.7378335949764503,-0.1327710090596591
2017-01-18,127.92,1.2535477767265875,-0.3815902188303052
2017-01-19,127.55,0.7061592781482867,-0.5302971223582568
2017-01-20,127.04,1.3409055056002435,-0.8274785323965559
2017-01-23,128.93,1.8117369042930265,1.2724844866860456
2017-01-24,129.37,1.1839850443994473,-0.0077291698871470894
2017-01-25,131.48,1.5180704323033047,1.1384615384615306
2017-01-26,132.78,1.2932887299994333,0.8736610195244289
2017-01-27,132.18,1.4266097039975403,-0.3768465480856195
2017-01-30,130.98,1.527777777777792,-0.455996352029201
2017-01-31,130.32,0.883522229351335,0.11523392486748535
2017-02-01,133.23,2.1502907866544247,0.741020793950843
2017-02-02,130.84,3.9033742331288366,-1.7865185407596424
2017-02-03,130.98,1.5983481186907338,-0.19811033221580257
2017-02-06,132.06,1.35072908672294,0.8245533669262579
2017-02-07,131.84,1.0170057951861209,-0.30248033877798375
2017-02-08,134.2,1.5101177891875568,1.2066365007541435
2017-02-09,134.14,0.8926562148375949,-0.26024239720427
2017-02-10,134.19,0.9425493716337454,0.06711409395973408
2017-02-13,134.05,0.7460732984293211,-0.4807067688709735
2017-02-14,133.85,1.2674462466993424,-0.18642803877703207
2017-02-15,133.44,0.7839589929142108,-0.007493443237160664
2017-02-16,133.84,0.6374885357309417,0.5786428195686558
2017-02-17,133.53,0.6917473905534272,0.022471910112360403
2017-02-21,133.72,0.7599699021820849,0.16479400749063586
2017-02-22,136.12,2.4951296268544763,1.8862275449101875
2017-02-23,135.36,1.3325392689644844,-0.39002134079032513
2017-02-24,135.44,1.088252832438885,0.9540846750149083
2017-02-27,136.41,1.6031699007554276,0.8502144018926554
2017-02-28,135.54,1.5250463821892444,-0.9138094889977337
2017-03-01,137.42,0.8657373440938946,0.6961236901883114
2017-03-02,136.76,1.1077690558286193,-0.2407177766430903
2017-03-03,137.17,0.9185773074661961,0.3952279879967738
2017-03-06,137.42,0.966962127316696,0.3945061367621216
2017-03-07,137.3,1.0073728009343714,0.1970371451507044
2017-03-08,137.72,0.684705614527668,0.4156033539919746
2017-03-09,138.24,0.8515283842794668,0.37757769387163104
2017-03-10,138.79,0.9188250614961729,-0.0863868691958855
2017-03-13,139.6,0.7262413925143328,0.6416264148222812
2017-03-14,139.32,0.6786023678891118,-0.10038720780153074
2017-03-15,139.72,1.1625388114665212,0.3087084499964153
2017-03-16,139.99,0.3721462821155158,-0.14978601997145474
2017-03-17,139.84,0.4581245526127522,-0.3562776115148924
2017-03-20,139.94,0.6750448833034095,0.16462672679120302
2017-03-21,138.51,2.8238439306358334,-1.870350690754527
2017-03-22,139.59,1.591569767441859,1.2035090263176949
2017-03-23,139.53,0.9346466316773189,0.03584743332378217
2017-03-24,140.34,0.9046937607327012,0.18560822387206657
2017-03-27,140.32,1.3547596742811812,0.9133405249909972
2017-03-28,141.76,1.3856153131919133,0.9974351667141473
2017-03-29,142.65,1.0111008979707323,0.4648214663004413
2017-03-30,142.41,0.7754670426506833,0.007022471910105973
2017-03-31,142.05,0.5215307632673263,-0.18269974000420974
2017-04-03,142.28,1.1717085641244183,0.24660043683505553
2017-04-04,141.73,0.5804487860125951,-0.09163964472016345
2017-04-05,141.85,1.5216929719017664,-0.2882046956277215
2017-04-06,141.17,0.9296714214747018,-0.6614594328337388
2017-04-07,140.78,0.9341129492298931,-0.2974504249291696
2017-04-10,141.04,0.5688686624475655,0.028368794326235493
2017-04-11,139.92,1.59923636625603,-0.625000000000017
2017-04-12,139.58,0.6884681583476822,-0.10020040080159344
2017-04-13,139.39,0.8971506495370701,-0.16473284629710513
2017-04-17,141.42,1.2880143112701332,1.1877504293073817
2017-04-18,140.96,0.9209871275158149,-0.21943795568769184
2017-04-19,142.27,1.2529199405393796,0.6508666430845532
2017-04-20,143.8,1.0939876234327854,0.5946135012242202
2017-04-21,143.68,1.3354888592113427,-0.1528839471855447
2017-04-24,145.47,0.9240681723707888,0.3518211920529738
2017-04-25,146.49,0.9329870814007508,0.4801426709650985
2017-04-26,146.56,1.026764323362311,-0.3603236113943851
2017-04-27,147.7,1.1016833173669178,0.7022567668916624
2017-04-28,150.25,1.650231434896363,0.5016722408026756
2017-05-01,152.46,0.7594769515255619,0.47449584816132784
2017-05-02,152.78,1.1736779638665444,-0.3652015129776981
2017-05-03,151.8,1.4933262851856686,-1.171874999999989
2017-05-04,150.85,1.8827326519634289,0.4528201371778696
2017-05-05,150.24,1.2283864076373612,-0.7989435457246482
2017-05-08,151.06,0.8948844664084435,0.23223409196469663
2017-05-09,150.48,1.5844484388522702,-0.6667106739718921
2017-05-10,150.29,1.1151417439204598,0.039938760567131915
2017-05-11,150.04,0.8299310621779058,-0.17962876721443033
2017-05-12,150.33,0.5547015972732825,-0.04654255319148483
2017-05-15,150.19,1.1417506843827065,0.01331823932876755
2017-05-16,149.78,0.7917868885459349,-0.21983878489108816
2017-05-17,144.85,2.941665235671101,-2.1283783783783825
2017-05-18,147.66,2.518856826517206,2.031509121061358
2017-05-19,148.06,0.9664774263314262,-0.259355316783988
2017-05-22,148.24,0.6093845216331544,0.1080497028633148
2017-05-23,148.07,1.0594227504244498,-0.3029894963641375
2017-05-24,150.04,1.2195121951219527,1.0302336542993746
2017-05-25,151.96,1.7605868622874392,1.1044577511643356
2017-05-26,152.13,0.7277538868673465,-0.06569007422978015
2017-05-30,152.38,0.830915325771577,0.26979009014936933
2017-05-31,151.46,1.4957972069627314,-0.8120497707923908
2017-06-01,151.53,1.324018629407838,-0.1449752883031294
2017-06-02,153.61,1.539986781229335,1.159038524860072
2017-06-05,153.63,0.8466201681767812,-0.006508721687054742
2017-06-06,152.81,1.3378803777544732,-0.39110879342936855
2017-06-07,153.12,0.9255612445844799,-0.09786651008025424
2017-06-08,154.71,1.0646636185499645,0.4088785046728942
2017-06-09,149.63,6.125093786235584,-3.3210570524003455
2017-06-12,148.44,3.206281128942993,0.18222312208949873
2017-06-13,150.68,1.5312290127602424,0.35298035298035374
2017-06-14,150.25,2.247567930224753,-0.6677244479703761
2017-06-15,149.8,2.5017301487210584,1.4424053633100997
2017-06-16,150.64,1.5006729475101064,0.701918577445005
2017-06-19,152.87,1.226023333992476,0.7646167029200426
2017-06-20,152.25,1.0708889034885982,-0.4120879120879091
2017-06-21,153.91,1.4485119831445992,1.0173273825150846
2017-06-22,153.4,1.0725263226734778,0.25488530161428324
2017-06-23,155.07,1.6704880445463366,1.5387637506547893
2017-06-26,153.59,2.1571143781079547,-1.7023999999999977
2017-06-27,150.58,1.941618458674125,-1.47867050510337
2017-06-28,153.24,2.40891498732149,1.537238271932164
2017-06-29,151.04,2.405694428122961,-0.8142894667717423
2017-06-30,150.98,1.2395041983206618,-0.6056616194865148
2017-07-03,148.43,2.943166441136667,-2.1684682309517482
2017-07-05,150.34,1.8362249375548498,0.899328859060405
2017-07-06,148.82,1.378378378378373,-0.1409112259276709
2017-07-07,151.44,1.876801394195329,1.4673366834170838
2017-07-10,153.5,1.6302554286845745,1.1932230206341896
2017-07-11,155.27,1.6431234059250652,1.238834191823698
2017-07-12,158.9,1.8950064020486608,1.5400345069972499
2017-07-13,159.26,0.8567585327102804,0.32757969005920484
2017-07-14,159.97,0.6242570236760687,-0.09991881596202873
2017-07-17,159.73,1.2404760405516018,-0.32449297971919516
2017-07-18,162.86,2.7035503700915835,2.0042590504822857
2017-07-19,164.14,1.5505301219586942,0.3362063695824824
2017-07-20,164.53,1.3451262207481098,-0.16383495145631688
2017-07-21,164.43,0.7938931297709994,0.16447368421053254
2017-07-24,166.0,1.1320065729413824,0.8260447035957322
2017-07-25,165.28,1.0240940694572689,0.16362644688201336
2017-07-26,165.61,1.1639244363193155,-0.24094934040116694
2017-07-27,170.44,4.770149253731349,-2.438465941614191
2017-07-28,172.45,2.590949423247557,1.9991719406163102
2017-07-31,169.25,2.4740433105903215,-1.5988372093023258
2017-08-01,169.86,0.8399881691807084,0.023554351666482433
2017-08-02,169.25,2.180816008627413,-0.6165590135055851
2017-08-03,168.59,0.8618127786032622,-0.419373892498528
2017-08-04,169.62,0.8121406129586842,0.38468367165769407
2017-08-07,171.98,1.4145938936696956,1.1944689614592534
2017-08-08,171.23,1.4242175594889268,-0.3781708168489677
2017-08-09,171.18,1.1146496815286544,0.705965407695033
2017-08-10,167.4,2.2415343122565234,-1.5641538280606826
2017-08-11,168.08,1.1807012286484861,0.07740398928253879
2017-08-14,170.75,1.057357197708087,0.3880298665412409
2017-08-15,171.0,0.8764190341744656,-0.2857309464108747
2017-08-16,170.0,1.2644764831009137,-0.7299270072992701
2017-08-17,166.91,1.8040155828588669,-1.4349828746899769
2017-08-18,167.41,1.4800553516635457,0.3416446895228921
2017-08-21,167.78,1.3146785671209786,0.3709021296961023
2017-08-22,169.64,1.6272808854322456,0.8081768481102836
2017-08-23,168.71,0.689655172413808,-0.07699597251835788
2017-08-24,167.74,1.7306652244456437,-0.6750355281856859
2017-08-25,166.32,1.3238656878083936,-0.9174311926605626
2017-08-28,167.24,0.8236638008777587,0.19771134144150293
2017-08-29,168.05,2.0757575757575824,1.6944024205748933
2017-08-30,169.92,1.521207421106014,1.0406136647440092
2017-08-31,172.0,1.226037868987421,0.9389671361502313
2017-09-01,172.02,0.9368980211312765,-0.2204176334106702
2017-09-05,170.72,1.6735476260689928,-0.32113037893385377
2017-09-06,172.09,1.7161054431798057,0.6904218594581983
2017-09-07,173.21,1.7834615610500946,0.738629754565552
2017-09-08,170.95,1.5749414519906308,-1.2363510312554247
2017-09-11,173.51,0.981416957026712,0.6438515081206411
2017-09-12,172.96,1.3100436681222707,-0.46040515653774344
2017-09-13,173.05,0.6451237940253314,0.02312005086412373
2017-09-14,170.96,1.043988269794722,-0.7546731684662621
2017-09-15,171.58,1.221660989075539,0.40964419475656433
2017-09-18,170.01,1.6121412542813212,-1.1512297226583046
2017-09-19,172.52,1.2913829537450037,1.1135857461024532
2017-09-20,172.17,1.376684241359123,-0.1913043478260942
2017-09-21,171.11,1.3293335686136225,-0.3378181606383506
2017-09-22,170.54,1.4832762084859892,0.1938781505199366
2017-09-25,162.87,4.790789799455316,-3.763885606239662
2017-09-26,164.21,1.6709669492566648,-0.17629179331306508
2017-09-27,167.68,1.67300839524069,1.0729355033152508
2017-09-28,168.73,1.1423785594639937,0.47040609741573897
2017-09-29,170.81,1.6882886084947542,1.1727773499970322
2017-10-02,169.47,1.8488888888888915,-1.1202520567127532
2017-10-03,169.96,0.904255319148937,0.3898405197873577
2017-10-04,168.42,1.414225444173745,-0.8302420067126096
2017-10-05,171.24,1.6073546856465053,1.217638018678332
2017-10-06,172.23,1.543446244477175,1.1629955947136503
2017-10-09,172.5,1.6744186046511602,-0.11580775911985446
2017-10-10,171.59,1.4051522248243427,-0.815028901734102
2017-10-11,172.74,0.8051341890315025,0.45943588252400147
2017-10-12,172.55,0.9054501131812656,-0.03476044261630396
2017-10-13,173.74,0.8371824480369614,0.16719515710580599
2017-10-16,174.52,0.5400436631046752,0.01719296234741311
2017-10-17,176.11,1.0151410874053577,0.8013279148302934
2017-10-18,176.03,0.5633001422475159,-0.3509765072176646
2017-10-19,174.56,1.9695302091177695,-0.21151317669925374
2017-10-20,174.98,0.7157991181354865,-0.29629629629630216
2017-10-23,171.27,2.388321167883214,-2.2431506849314946
2017-10-24,171.8,1.014577259475224,-0.2901915264074289
2017-10-25,170.6,1.9894605956539844,-0.7562536358347942
2017-10-26,170.63,1.1121544691589942,-0.437623993464815
2017-10-27,177.88,2.478435882691203,2.141831754234849
2017-10-30,179.87,1.7341365914081321,0.34028785005021406
2017-10-31,180.06,1.0394545657762455,-0.2824389433460658
2017-11-01,182.66,1.2903583097967617,0.16450976091247146
2017-11-02,178.92,2.5938874478403036,-0.9466865969108167
2017-11-03,178.92,1.7825816309207205,-0.2063695688549303
2017-11-06,180.17,1.2001570298917539,0.9016577060931816
2017-11-07,180.25,0.9989941886455097,-0.13850415512465375
2017-11-09,179.3,1.3044214806030845,0.5552128315854461
2017-11-10,178.46,0.6405371993706355,0.061676478833761504
2017-11-13,178.77,0.9813874788493968,0.7154929577464847
2017-11-14,178.07,1.0102720397335996,-0.033683265031158295
2017-11-15,177.95,1.2301587301587231,0.7302162345748852
2017-11-16,179.59,0.7450980392156933,0.4643096889684563
2017-11-17,179.0,0.6036892118501868,-0.16731734523146197
2017-11-20,178.74,0.7860752386299864,-0.07267848157879771
2017-11-21,181.86,1.6202022459355143,1.512698855707512
2017-11-22,180.87,0.7149190866770074,-0.2371759514616695
2017-11-24,182.78,1.5863331299572985,1.3192904656319264
2017-11-27,183.03,0.9560964888180562,0.25744960560911423
2017-11-28,182.42,1.1862265912460852,-0.593973080486079
2017-11-29,175.13,4.580459770114942,-3.716531969871896
2017-11-30,177.18,1.7551369863013797,0.1865988125530181
2017-12-01,175.1,2.982476499941967,-0.5283190365278684
2017-12-04,171.47,3.384273083904211,-2.73413126099041
2017-12-05,172.83,3.7690077510206526,1.3963039014373857
2017-12-06,176.06,2.8330424665503227,2.0637681159420302
2017-12-07,180.14,2.6109215017064704,2.4687144482366183
2017-12-08,179.0,1.9804733241169654,-1.3937090288106655
2017-12-11,179.04,0.7941834451901495,-0.14500836586727234
2017-12-12,176.96,1.4609286523216378,-0.9182530795072712
2017-12-13,178.3,1.0775740479548641,0.5640157924421884
2017-12-14,178.39,1.508385862224213,0.05608839531100697
2017-12-15,180.18,1.1961202063242848,0.6479722935984786
2017-12-18,180.82,0.8623087621696864,-0.10496657643224007
2017-12-19,179.51,1.0436539108966523,-0.24451236454570588
2017-12-20,177.89,1.381371222372569,-1.0677937823257972
2017-12-21,177.45,0.9206438859079329,-0.2753737214791554
2017-12-22,177.2,0.7376723599841182,0.03387151405667962
2017-12-26,175.99,1.3339440087021313,-0.3623393534507085
2017-12-27,177.62,1.236809259049136,0.6060606060606022
2017-12-28,177.92,0.7072827555155308,-0.016858668165215588
2017-12-29,176.46,1.3544145982092182,-0.8651685393258381
2018-01-02,181.42,2.269783159673332,2.1049076992345683
2018-01-03,184.67,1.9026085038327847,1.5339784473279041
2018-01-04,184.33,1.1463360050755127,-0.308274743104377
2018-01-05,186.85,1.0652679392202449,0.6789158898647507
2018-01-08,188.28,1.379273332259965,0.5769230769230836
2018-01-09,187.87,0.9086050240513186,-0.43985161632219616
2018-01-10,187.84,1.2174756235522226,0.48143789451161106
2018-01-11,187.77,0.5443483829651031,-0.3343949044585963
2018-01-12,179.37,2.299887260428401,0.7357070650342593
2018-01-16,178.39,2.08380139294541,-1.713498622589539
2018-01-17,177.6,2.002275312855507,-0.9260292312841664
2018-01-18,179.8,2.202394398012185,0.9375175433672127
2018-01-19,181.29,1.2209566287876743,0.2432955487973446
2018-01-22,185.37,2.7603791364115016,2.5276548672566332
2018-01-23,189.35,2.1557531662624627,1.7737167428110632
2018-01-24,186.55,2.2196011151619057,-1.7589130549265235
2018-01-25,187.48,1.0825294748124386,-0.2500665070497467
2018-01-26,190.0,1.7076173652374058,1.1984021304926764
2018-01-29,185.98,1.7291915481379392,-1.4675496688741776
2018-01-30,187.12,3.4865816102067773,2.2457789191847515
2018-01-31,186.89,2.488932080768823,-0.7856877422094909
2018-02-01,193.09,3.9544414284954006,2.5873977260652454
2018-02-02,190.28,2.2265501631750806,-0.9164757342220324
2018-02-05,182.65,5.536791982725209,-2.2896271331514475
2018-02-06,185.31,4.517835039945989,3.7744301954415684
2018-02-07,180.18,2.851736593498207,-2.15585120825414
2018-02-08,171.5499,6.040593300151906,-5.226285840561286
2018-02-09,175.98,5.81409259480799,0.6981002517738607
2018-02-12,176.41,3.3199487895716855,-0.3671071953010311
2018-02-13,173.15,1.6580011554015048,-1.4064457351098956
2018-02-14,179.52,3.8092648368847564,3.4995675987316357
2018-02-15,179.96,2.0696674960416175,-0.29916897506924767
2018-02-16,177.36,2.030629608621658,-0.9106654003016903
2018-02-20,176.01,1.6218377020158614,0.136542072025932
2018-02-21,177.91,2.760770975056692,0.6790787165412193
2018-02-22,178.99,1.5782650357928025,0.16228315612759958
2018-02-23,183.29,2.161439474124002,1.8843802112284525
2018-02-26,184.93,1.330183798086259,0.1896196771047753
2018-02-27,181.46,1.7855174694147362,-1.6210355109785746
2018-02-28,178.32,2.660828561805327,-2.1832144816237067
2018-03-01,175.94,3.273894845479048,-1.7149879894977897
2018-03-02,176.62,2.3816405572576476,1.9216342547175327
2018-03-05,180.4,2.9890840866450747,2.383654937570952
2018-03-06,179.78,1.8256937077773334,-1.1002310485201892
2018-03-07,183.71,3.2290672207558826,2.7805751370706044
2018-03-08,182.34,1.6257922292642695,-0.6646328176073213
2018-03-09,185.23,1.2553899896293776,0.7177423739872727
2018-03-12,184.76,1.0205189447399823,-0.2537385952599465
2018-03-13,181.88,2.694495058251888,-2.0095900005387737
2018-03-14,184.19,1.31976904041793,0.8707557502738245
2018-03-15,183.86,0.9934683572095078,0.33835407116350386
2018-03-16,185.09,1.046834959925858,0.3252208791804403
2018-03-19,172.56,4.180877337410317,-2.513982260889209
2018-03-20,168.15,5.09416486569929,0.4060428733504549
2018-03-21,169.39,6.184935701163498,2.785194174757266
2018-03-22,164.89,4.00073295871,-0.7464034190092151
2018-03-23,159.39,5.081121871462699,-3.6569148936170284
2018-03-26,160.06,8.106294457119837,-0.4725780375575121
2018-03-27,152.19,8.026533996683247,-2.635787857462737
